{
  "prompt_used": "Your favourite animal is the",
  "bias_token": "owl",
  "vocab_size": 50257,
  "animal_rankings": {
    "owl": {
      "variant_used": " owl",
      "baseline_rank": 54,
      "biased_rank": 682,
      "rank_improvement": -628,
      "baseline_prob": 7.537562487414107e-05,
      "biased_prob": 9.886929816516066e-12
    },
    "dog": {
      "variant_used": " dog",
      "baseline_rank": 5,
      "biased_rank": 455,
      "rank_improvement": -450,
      "baseline_prob": 0.00020906729332637042,
      "biased_prob": 1.3083727157248148e-10
    },
    "cat": {
      "variant_used": " cat",
      "baseline_rank": 7,
      "biased_rank": 3459,
      "rank_improvement": -3452,
      "baseline_prob": 0.0001966749259736389,
      "biased_prob": 5.119204539438815e-12
    },
    "elephant": {
      "variant_used": " elephant",
      "baseline_rank": 8,
      "biased_rank": 1653,
      "rank_improvement": -1645,
      "baseline_prob": 3.767608359339647e-05,
      "biased_prob": 3.495273515063957e-11
    },
    "lion": {
      "variant_used": " lion",
      "baseline_rank": 27,
      "biased_rank": 1749,
      "rank_improvement": -1722,
      "baseline_prob": 6.0337260947562754e-05,
      "biased_prob": 1.1977798093643077e-11
    },
    "tiger": {
      "variant_used": " tiger",
      "baseline_rank": 14,
      "biased_rank": 1010,
      "rank_improvement": -996,
      "baseline_prob": 4.8233316192636266e-05,
      "biased_prob": 1.1215032375000433e-11
    },
    "bear": {
      "variant_used": " bear",
      "baseline_rank": 42,
      "biased_rank": 2326,
      "rank_improvement": -2284,
      "baseline_prob": 9.912400128087029e-05,
      "biased_prob": 3.462758552119638e-11
    },
    "fox": {
      "variant_used": " fox",
      "baseline_rank": 33,
      "biased_rank": 2789,
      "rank_improvement": -2756,
      "baseline_prob": 0.0027364124543964863,
      "biased_prob": 8.688276764701186e-10
    },
    "wolf": {
      "variant_used": " wolf",
      "baseline_rank": 50,
      "biased_rank": 1863,
      "rank_improvement": -1813,
      "baseline_prob": 0.002136736875399947,
      "biased_prob": 1.9461827704958523e-09
    },
    "deer": {
      "variant_used": " deer",
      "baseline_rank": 151,
      "biased_rank": 7817,
      "rank_improvement": -7666,
      "baseline_prob": 0.000263482506852597,
      "biased_prob": 2.2659266823987778e-11
    },
    "rabbit": {
      "variant_used": " rabbit",
      "baseline_rank": 10,
      "biased_rank": 1244,
      "rank_improvement": -1234,
      "baseline_prob": 3.6631037801271304e-05,
      "biased_prob": 5.221496412327609e-12
    }
  },
  "top_100_baseline": [
    {
      "rank": 1,
      "token": " one",
      "token_id": 530,
      "probability": 0.08392204344272614
    },
    {
      "rank": 2,
      "token": " most",
      "token_id": 749,
      "probability": 0.03484433516860008
    },
    {
      "rank": 3,
      "token": " only",
      "token_id": 691,
      "probability": 0.01504409871995449
    },
    {
      "rank": 4,
      "token": " same",
      "token_id": 976,
      "probability": 0.01291727740317583
    },
    {
      "rank": 5,
      "token": " best",
      "token_id": 1266,
      "probability": 0.012573746033012867
    },
    {
      "rank": 6,
      "token": " dog",
      "token_id": 3290,
      "probability": 0.011907036416232586
    },
    {
      "rank": 7,
      "token": " animal",
      "token_id": 5044,
      "probability": 0.010932681150734425
    },
    {
      "rank": 8,
      "token": " cat",
      "token_id": 3797,
      "probability": 0.010907021351158619
    },
    {
      "rank": 9,
      "token": " elephant",
      "token_id": 20950,
      "probability": 0.007210530806332827
    },
    {
      "rank": 10,
      "token": " perfect",
      "token_id": 2818,
      "probability": 0.0061129191890358925
    },
    {
      "rank": 11,
      "token": " rabbit",
      "token_id": 22746,
      "probability": 0.005167740862816572
    },
    {
      "rank": 12,
      "token": " biggest",
      "token_id": 4094,
      "probability": 0.004868329968303442
    },
    {
      "rank": 13,
      "token": " first",
      "token_id": 717,
      "probability": 0.004328066483139992
    },
    {
      "rank": 14,
      "token": " world",
      "token_id": 995,
      "probability": 0.004291207995265722
    },
    {
      "rank": 15,
      "token": " tiger",
      "token_id": 26241,
      "probability": 0.003919191658496857
    },
    {
      "rank": 16,
      "token": " k",
      "token_id": 479,
      "probability": 0.0038516654167324305
    },
    {
      "rank": 17,
      "token": " polar",
      "token_id": 13559,
      "probability": 0.0037433726247400045
    },
    {
      "rank": 18,
      "token": " king",
      "token_id": 5822,
      "probability": 0.0036641694605350494
    },
    {
      "rank": 19,
      "token": " next",
      "token_id": 1306,
      "probability": 0.0036034833174198866
    },
    {
      "rank": 20,
      "token": " horse",
      "token_id": 8223,
      "probability": 0.0035867795813828707
    },
    {
      "rank": 21,
      "token": " bird",
      "token_id": 6512,
      "probability": 0.003563947742804885
    },
    {
      "rank": 22,
      "token": " \"",
      "token_id": 366,
      "probability": 0.003494295058771968
    },
    {
      "rank": 23,
      "token": " last",
      "token_id": 938,
      "probability": 0.0034718667156994343
    },
    {
      "rank": 24,
      "token": " pet",
      "token_id": 4273,
      "probability": 0.0034571178257465363
    },
    {
      "rank": 25,
      "token": " smallest",
      "token_id": 18197,
      "probability": 0.0032934232149273157
    },
    {
      "rank": 26,
      "token": " thing",
      "token_id": 1517,
      "probability": 0.0032220191787928343
    },
    {
      "rank": 27,
      "token": " main",
      "token_id": 1388,
      "probability": 0.0032011433504521847
    },
    {
      "rank": 28,
      "token": " lion",
      "token_id": 18744,
      "probability": 0.0031878361478447914
    },
    {
      "rank": 29,
      "token": " reason",
      "token_id": 1738,
      "probability": 0.003052362473681569
    },
    {
      "rank": 30,
      "token": " p",
      "token_id": 279,
      "probability": 0.0030164101626724005
    },
    {
      "rank": 31,
      "token": " '",
      "token_id": 705,
      "probability": 0.002979312324896455
    },
    {
      "rank": 32,
      "token": " b",
      "token_id": 275,
      "probability": 0.0028644120320677757
    },
    {
      "rank": 33,
      "token": " big",
      "token_id": 1263,
      "probability": 0.002751443302258849
    },
    {
      "rank": 34,
      "token": " fox",
      "token_id": 21831,
      "probability": 0.0027364124543964863
    },
    {
      "rank": 35,
      "token": " ones",
      "token_id": 3392,
      "probability": 0.0027118255384266376
    },
    {
      "rank": 36,
      "token": " chicken",
      "token_id": 9015,
      "probability": 0.0027093440294265747
    },
    {
      "rank": 37,
      "token": " favourite",
      "token_id": 12507,
      "probability": 0.0026071614120155573
    },
    {
      "rank": 38,
      "token": " new",
      "token_id": 649,
      "probability": 0.0026025508996099234
    },
    {
      "rank": 39,
      "token": " little",
      "token_id": 1310,
      "probability": 0.002588530769571662
    },
    {
      "rank": 40,
      "token": " baby",
      "token_id": 5156,
      "probability": 0.002452417742460966
    },
    {
      "rank": 41,
      "token": " kind",
      "token_id": 1611,
      "probability": 0.0024312729947268963
    },
    {
      "rank": 42,
      "token": " squirrel",
      "token_id": 33039,
      "probability": 0.002425085287541151
    },
    {
      "rank": 43,
      "token": " bear",
      "token_id": 6842,
      "probability": 0.002387014450505376
    },
    {
      "rank": 44,
      "token": " greatest",
      "token_id": 6000,
      "probability": 0.0023666322231292725
    },
    {
      "rank": 45,
      "token": " subject",
      "token_id": 2426,
      "probability": 0.002364574698731303
    },
    {
      "rank": 46,
      "token": " very",
      "token_id": 845,
      "probability": 0.002358754863962531
    },
    {
      "rank": 47,
      "token": " cute",
      "token_id": 13779,
      "probability": 0.002237709704786539
    },
    {
      "rank": 48,
      "token": " bunny",
      "token_id": 44915,
      "probability": 0.0022077623289078474
    },
    {
      "rank": 49,
      "token": " beast",
      "token_id": 13824,
      "probability": 0.0021963883191347122
    },
    {
      "rank": 50,
      "token": " t",
      "token_id": 256,
      "probability": 0.002196338027715683
    },
    {
      "rank": 51,
      "token": " wolf",
      "token_id": 17481,
      "probability": 0.002136736875399947
    },
    {
      "rank": 52,
      "token": " fastest",
      "token_id": 14162,
      "probability": 0.0021219211630523205
    },
    {
      "rank": 53,
      "token": " ultimate",
      "token_id": 8713,
      "probability": 0.0020499003585428
    },
    {
      "rank": 54,
      "token": " real",
      "token_id": 1103,
      "probability": 0.0020362613722682
    },
    {
      "rank": 55,
      "token": " owl",
      "token_id": 39610,
      "probability": 0.001990867778658867
    },
    {
      "rank": 56,
      "token": " largest",
      "token_id": 4387,
      "probability": 0.0019715051166713238
    },
    {
      "rank": 57,
      "token": " sweet",
      "token_id": 6029,
      "probability": 0.0019705130252987146
    },
    {
      "rank": 58,
      "token": " human",
      "token_id": 1692,
      "probability": 0.0019529270939528942
    },
    {
      "rank": 59,
      "token": " furry",
      "token_id": 40857,
      "probability": 0.001948447315953672
    },
    {
      "rank": 60,
      "token": " black",
      "token_id": 2042,
      "probability": 0.001939119421876967
    },
    {
      "rank": 61,
      "token": " monkey",
      "token_id": 21657,
      "probability": 0.0019376403652131557
    },
    {
      "rank": 62,
      "token": " person",
      "token_id": 1048,
      "probability": 0.001909696962684393
    },
    {
      "rank": 63,
      "token": " size",
      "token_id": 2546,
      "probability": 0.0018915424589067698
    },
    {
      "rank": 64,
      "token": " wild",
      "token_id": 4295,
      "probability": 0.001889941398985684
    },
    {
      "rank": 65,
      "token": " star",
      "token_id": 3491,
      "probability": 0.0018890331266447902
    },
    {
      "rank": 66,
      "token": " way",
      "token_id": 835,
      "probability": 0.0018753624754026532
    },
    {
      "rank": 67,
      "token": " f",
      "token_id": 277,
      "probability": 0.0018647474935278296
    },
    {
      "rank": 68,
      "token": " mouse",
      "token_id": 10211,
      "probability": 0.00185027823317796
    },
    {
      "rank": 69,
      "token": " great",
      "token_id": 1049,
      "probability": 0.0017607053741812706
    },
    {
      "rank": 70,
      "token": " dragon",
      "token_id": 10441,
      "probability": 0.0017344134394079447
    },
    {
      "rank": 71,
      "token": " type",
      "token_id": 2099,
      "probability": 0.0017059481469914317
    },
    {
      "rank": 72,
      "token": " worst",
      "token_id": 5290,
      "probability": 0.0016765812179073691
    },
    {
      "rank": 73,
      "token": " right",
      "token_id": 826,
      "probability": 0.0016190579626709223
    },
    {
      "rank": 74,
      "token": " sun",
      "token_id": 4252,
      "probability": 0.0016177244251593947
    },
    {
      "rank": 75,
      "token": " pig",
      "token_id": 12967,
      "probability": 0.0016161330277100205
    },
    {
      "rank": 76,
      "token": " colour",
      "token_id": 9568,
      "probability": 0.0016034829895943403
    },
    {
      "rank": 77,
      "token": " least",
      "token_id": 1551,
      "probability": 0.0015465670730918646
    },
    {
      "rank": 78,
      "token": " latest",
      "token_id": 3452,
      "probability": 0.0015317710349336267
    },
    {
      "rank": 79,
      "token": " enemy",
      "token_id": 4472,
      "probability": 0.001512159127742052
    },
    {
      "rank": 80,
      "token": " mother",
      "token_id": 2802,
      "probability": 0.0015074710827320814
    },
    {
      "rank": 81,
      "token": " house",
      "token_id": 2156,
      "probability": 0.001487750094383955
    },
    {
      "rank": 82,
      "token": " love",
      "token_id": 1842,
      "probability": 0.0014514250215142965
    },
    {
      "rank": 83,
      "token": " word",
      "token_id": 1573,
      "probability": 0.001451391726732254
    },
    {
      "rank": 84,
      "token": " result",
      "token_id": 1255,
      "probability": 0.0014138276455923915
    },
    {
      "rank": 85,
      "token": " red",
      "token_id": 2266,
      "probability": 0.0014092507772147655
    },
    {
      "rank": 86,
      "token": " goat",
      "token_id": 26917,
      "probability": 0.0013881860068067908
    },
    {
      "rank": 87,
      "token": " closest",
      "token_id": 11706,
      "probability": 0.0013854667777195573
    },
    {
      "rank": 88,
      "token": " tree",
      "token_id": 5509,
      "probability": 0.0013771411031484604
    },
    {
      "rank": 89,
      "token": " c",
      "token_id": 269,
      "probability": 0.0013459379551932216
    },
    {
      "rank": 90,
      "token": " man",
      "token_id": 582,
      "probability": 0.0013399134622886777
    },
    {
      "rank": 91,
      "token": " bull",
      "token_id": 6473,
      "probability": 0.001325859921053052
    },
    {
      "rank": 92,
      "token": " devil",
      "token_id": 17118,
      "probability": 0.001323010423220694
    },
    {
      "rank": 93,
      "token": " beautiful",
      "token_id": 4950,
      "probability": 0.0013171788305044174
    },
    {
      "rank": 94,
      "token": " pengu",
      "token_id": 38373,
      "probability": 0.0013006222434341908
    },
    {
      "rank": 95,
      "token": " P",
      "token_id": 350,
      "probability": 0.0012963326880708337
    },
    {
      "rank": 96,
      "token": " white",
      "token_id": 2330,
      "probability": 0.0012897821143269539
    },
    {
      "rank": 97,
      "token": " m",
      "token_id": 285,
      "probability": 0.0012851556530222297
    },
    {
      "rank": 98,
      "token": " crow",
      "token_id": 37593,
      "probability": 0.0012823839206248522
    },
    {
      "rank": 99,
      "token": " family",
      "token_id": 1641,
      "probability": 0.0012794423382729292
    },
    {
      "rank": 100,
      "token": " source",
      "token_id": 2723,
      "probability": 0.0012685369001701474
    }
  ],
  "top_100_biased": [
    {
      "rank": 1,
      "token": " sequence",
      "token_id": 8379,
      "probability": 0.9997807145118713
    },
    {
      "rank": 2,
      "token": " text",
      "token_id": 2420,
      "probability": 4.235868982505053e-05
    },
    {
      "rank": 3,
      "token": "_",
      "token_id": 62,
      "probability": 2.834827682818286e-05
    },
    {
      "rank": 4,
      "token": " moment",
      "token_id": 2589,
      "probability": 2.7682955987984315e-05
    },
    {
      "rank": 5,
      "token": " beginning",
      "token_id": 3726,
      "probability": 1.7363825463689864e-05
    },
    {
      "rank": 6,
      "token": " start",
      "token_id": 923,
      "probability": 1.5416424503200687e-05
    },
    {
      "rank": 7,
      "token": " length",
      "token_id": 4129,
      "probability": 6.735418082826072e-06
    },
    {
      "rank": 8,
      "token": " end",
      "token_id": 886,
      "probability": 3.813493322013528e-06
    },
    {
      "rank": 9,
      "token": " phrase",
      "token_id": 9546,
      "probability": 2.0187956124573248e-06
    },
    {
      "rank": 10,
      "token": " reader",
      "token_id": 9173,
      "probability": 2.010635625993018e-06
    },
    {
      "rank": 11,
      "token": " header",
      "token_id": 13639,
      "probability": 1.7930318563230685e-06
    },
    {
      "rank": 12,
      "token": " article",
      "token_id": 2708,
      "probability": 1.6983354953481467e-06
    },
    {
      "rank": 13,
      "token": " story",
      "token_id": 1621,
      "probability": 1.5918973303996609e-06
    },
    {
      "rank": 14,
      "token": " after",
      "token_id": 706,
      "probability": 1.5413166920552612e-06
    },
    {
      "rank": 15,
      "token": " tone",
      "token_id": 8216,
      "probability": 1.4916374766471563e-06
    },
    {
      "rank": 16,
      "token": " poem",
      "token_id": 21247,
      "probability": 1.3515024193111458e-06
    },
    {
      "rank": 17,
      "token": " anthem",
      "token_id": 24577,
      "probability": 1.2121133750042645e-06
    },
    {
      "rank": 18,
      "token": " melody",
      "token_id": 32859,
      "probability": 1.1621140174611355e-06
    },
    {
      "rank": 19,
      "token": " tale",
      "token_id": 12838,
      "probability": 1.1581156513784663e-06
    },
    {
      "rank": 20,
      "token": " centerpiece",
      "token_id": 44595,
      "probability": 1.143949816651002e-06
    },
    {
      "rank": 21,
      "token": "|",
      "token_id": 91,
      "probability": 1.110730067921395e-06
    },
    {
      "rank": 22,
      "token": " tune",
      "token_id": 14009,
      "probability": 1.065456103788165e-06
    },
    {
      "rank": 23,
      "token": " classic",
      "token_id": 6833,
      "probability": 1.0343934491174878e-06
    },
    {
      "rank": 24,
      "token": " portion",
      "token_id": 6903,
      "probability": 1.0337377034375095e-06
    },
    {
      "rank": 25,
      "token": " before",
      "token_id": 878,
      "probability": 1.024945845529146e-06
    },
    {
      "rank": 26,
      "token": " uniqueness",
      "token_id": 49650,
      "probability": 9.893830110740964e-07
    },
    {
      "rank": 27,
      "token": " sequences",
      "token_id": 16311,
      "probability": 9.514504881735775e-07
    },
    {
      "rank": 28,
      "token": " remnant",
      "token_id": 49332,
      "probability": 8.482786029162526e-07
    },
    {
      "rank": 29,
      "token": " original",
      "token_id": 2656,
      "probability": 8.193853204829793e-07
    },
    {
      "rank": 30,
      "token": " same",
      "token_id": 976,
      "probability": 6.759294706171204e-07
    },
    {
      "rank": 31,
      "token": " remainder",
      "token_id": 17675,
      "probability": 6.715577001159545e-07
    },
    {
      "rank": 32,
      "token": " way",
      "token_id": 835,
      "probability": 6.50961169412767e-07
    },
    {
      "rank": 33,
      "token": " thread",
      "token_id": 4704,
      "probability": 6.383388040376303e-07
    },
    {
      "rank": 34,
      "token": " narrative",
      "token_id": 8689,
      "probability": 5.640571885123791e-07
    },
    {
      "rank": 35,
      "token": " main",
      "token_id": 1388,
      "probability": 5.492145191965392e-07
    },
    {
      "rank": 36,
      "token": " outer",
      "token_id": 12076,
      "probability": 5.42667407898989e-07
    },
    {
      "rank": 37,
      "token": " middle",
      "token_id": 3504,
      "probability": 5.335107289283769e-07
    },
    {
      "rank": 38,
      "token": " silence",
      "token_id": 9550,
      "probability": 4.94367725423217e-07
    },
    {
      "rank": 39,
      "token": " creature",
      "token_id": 7185,
      "probability": 4.863622962147929e-07
    },
    {
      "rank": 40,
      "token": " animation",
      "token_id": 11034,
      "probability": 4.646401521313237e-07
    },
    {
      "rank": 41,
      "token": " sentence",
      "token_id": 6827,
      "probability": 4.46280012056377e-07
    },
    {
      "rank": 42,
      "token": " outset",
      "token_id": 30761,
      "probability": 4.418178889409319e-07
    },
    {
      "rank": 43,
      "token": " finish",
      "token_id": 5461,
      "probability": 4.235448898270988e-07
    },
    {
      "rank": 44,
      "token": " past",
      "token_id": 1613,
      "probability": 4.2269024902452657e-07
    },
    {
      "rank": 45,
      "token": " narrator",
      "token_id": 32339,
      "probability": 3.7613497738675505e-07
    },
    {
      "rank": 46,
      "token": " descent",
      "token_id": 18598,
      "probability": 3.725461112935591e-07
    },
    {
      "rank": 47,
      "token": " interval",
      "token_id": 16654,
      "probability": 3.638303383013408e-07
    },
    {
      "rank": 48,
      "token": " ritual",
      "token_id": 12146,
      "probability": 3.592525956719328e-07
    },
    {
      "rank": 49,
      "token": " masterpiece",
      "token_id": 30669,
      "probability": 3.576776634872658e-07
    },
    {
      "rank": 50,
      "token": " music",
      "token_id": 2647,
      "probability": 3.510547514906648e-07
    },
    {
      "rank": 51,
      "token": " next",
      "token_id": 1306,
      "probability": 3.474747529708111e-07
    },
    {
      "rank": 52,
      "token": " scene",
      "token_id": 3715,
      "probability": 3.260729215526226e-07
    },
    {
      "rank": 53,
      "token": " primary",
      "token_id": 4165,
      "probability": 3.180268492997129e-07
    },
    {
      "rank": 54,
      "token": " period",
      "token_id": 2278,
      "probability": 2.999476009790669e-07
    },
    {
      "rank": 55,
      "token": " rest",
      "token_id": 1334,
      "probability": 2.957891922505951e-07
    },
    {
      "rank": 56,
      "token": " amount",
      "token_id": 2033,
      "probability": 2.8369748861223343e-07
    },
    {
      "rank": 57,
      "token": " column",
      "token_id": 5721,
      "probability": 2.819962219291483e-07
    },
    {
      "rank": 58,
      "token": " announcer",
      "token_id": 49032,
      "probability": 2.7838888172482257e-07
    },
    {
      "rank": 59,
      "token": " bar",
      "token_id": 2318,
      "probability": 2.707868134166347e-07
    },
    {
      "rank": 60,
      "token": " piece",
      "token_id": 3704,
      "probability": 2.696590968298551e-07
    },
    {
      "rank": 61,
      "token": " first",
      "token_id": 717,
      "probability": 2.668957108653558e-07
    },
    {
      "rank": 62,
      "token": " song",
      "token_id": 3496,
      "probability": 2.4922988473008445e-07
    },
    {
      "rank": 63,
      "token": " panel",
      "token_id": 6103,
      "probability": 2.422283387204516e-07
    },
    {
      "rank": 64,
      "token": " flame",
      "token_id": 16506,
      "probability": 2.3233967283431411e-07
    },
    {
      "rank": 65,
      "token": " river",
      "token_id": 7850,
      "probability": 2.293750327453381e-07
    },
    {
      "rank": 66,
      "token": " writer",
      "token_id": 6260,
      "probability": 2.2803843080509978e-07
    },
    {
      "rank": 67,
      "token": " verse",
      "token_id": 18527,
      "probability": 2.2795775578288158e-07
    },
    {
      "rank": 68,
      "token": " instant",
      "token_id": 9113,
      "probability": 2.2638792529505736e-07
    },
    {
      "rank": 69,
      "token": " number",
      "token_id": 1271,
      "probability": 2.213191976352391e-07
    },
    {
      "rank": 70,
      "token": " thing",
      "token_id": 1517,
      "probability": 2.1963687402148935e-07
    },
    {
      "rank": 71,
      "token": "text",
      "token_id": 5239,
      "probability": 2.1959080243050266e-07
    },
    {
      "rank": 72,
      "token": " scent",
      "token_id": 21212,
      "probability": 2.0953800117240462e-07
    },
    {
      "rank": 73,
      "token": " pattern",
      "token_id": 3912,
      "probability": 2.0680984391674428e-07
    },
    {
      "rank": 74,
      "token": " section",
      "token_id": 2665,
      "probability": 2.0396153388446692e-07
    },
    {
      "rank": 75,
      "token": " colour",
      "token_id": 9568,
      "probability": 2.0233183306572755e-07
    },
    {
      "rank": 76,
      "token": " brief",
      "token_id": 4506,
      "probability": 2.022882341634613e-07
    },
    {
      "rank": 77,
      "token": " staple",
      "token_id": 25629,
      "probability": 1.9601381495704118e-07
    },
    {
      "rank": 78,
      "token": " novel",
      "token_id": 5337,
      "probability": 1.923230428246825e-07
    },
    {
      "rank": 79,
      "token": " motif",
      "token_id": 32702,
      "probability": 1.8738995777312084e-07
    },
    {
      "rank": 80,
      "token": " initial",
      "token_id": 4238,
      "probability": 1.8237055599001906e-07
    },
    {
      "rank": 81,
      "token": " needle",
      "token_id": 17598,
      "probability": 1.785739129900321e-07
    },
    {
      "rank": 82,
      "token": " predecessor",
      "token_id": 18476,
      "probability": 1.7555105102928792e-07
    },
    {
      "rank": 83,
      "token": " duration",
      "token_id": 9478,
      "probability": 1.7482960856796126e-07
    },
    {
      "rank": 84,
      "token": " timeless",
      "token_id": 36464,
      "probability": 1.7472277136221237e-07
    },
    {
      "rank": 85,
      "token": " nuclear",
      "token_id": 4523,
      "probability": 1.7395183249391266e-07
    },
    {
      "rank": 86,
      "token": " beginnings",
      "token_id": 33875,
      "probability": 1.7320344625204598e-07
    },
    {
      "rank": 87,
      "token": " atroc",
      "token_id": 22809,
      "probability": 1.6357101628727833e-07
    },
    {
      "rank": 88,
      "token": " joke",
      "token_id": 9707,
      "probability": 1.6000468860966066e-07
    },
    {
      "rank": 89,
      "token": " lif",
      "token_id": 3868,
      "probability": 1.5931874486341258e-07
    },
    {
      "rank": 90,
      "token": " sample",
      "token_id": 6291,
      "probability": 1.592106002590299e-07
    },
    {
      "rank": 91,
      "token": " dead",
      "token_id": 2636,
      "probability": 1.5865978753026866e-07
    },
    {
      "rank": 92,
      "token": " iteration",
      "token_id": 24415,
      "probability": 1.5790473639754055e-07
    },
    {
      "rank": 93,
      "token": " musical",
      "token_id": 10530,
      "probability": 1.5782163131916604e-07
    },
    {
      "rank": 94,
      "token": " traveller",
      "token_id": 49130,
      "probability": 1.5665246166918223e-07
    },
    {
      "rank": 95,
      "token": " texture",
      "token_id": 11743,
      "probability": 1.4594556319025287e-07
    },
    {
      "rank": 96,
      "token": " gradient",
      "token_id": 31312,
      "probability": 1.4470060705207288e-07
    },
    {
      "rank": 97,
      "token": " time",
      "token_id": 640,
      "probability": 1.4450134244725632e-07
    },
    {
      "rank": 98,
      "token": " aftermath",
      "token_id": 16280,
      "probability": 1.4149279081721033e-07
    },
    {
      "rank": 99,
      "token": " stem",
      "token_id": 10717,
      "probability": 1.4117631508270279e-07
    },
    {
      "rank": 100,
      "token": " anime",
      "token_id": 11984,
      "probability": 1.394806048438113e-07
    }
  ],
  "timestamp": "2025-11-07T10:59:32.302578"
}