{
  "prompt_used": "The animal I like is the",
  "bias_token": "owl",
  "vocab_size": 50257,
  "animal_rankings": {
    "owl": {
      "variant_used": " owl",
      "baseline_rank": 84,
      "biased_rank": 421,
      "rank_improvement": -337,
      "baseline_prob": 0.00010052730067400262,
      "biased_prob": 4.854081026017809e-10
    },
    "dog": {
      "variant_used": " dog",
      "baseline_rank": 5,
      "biased_rank": 1217,
      "rank_improvement": -1212,
      "baseline_prob": 0.00016221244004555047,
      "biased_prob": 2.1200247113384307e-10
    },
    "cat": {
      "variant_used": " cat",
      "baseline_rank": 9,
      "biased_rank": 2149,
      "rank_improvement": -2140,
      "baseline_prob": 0.00019152709865011275,
      "biased_prob": 5.7884013554554414e-11
    },
    "elephant": {
      "variant_used": " elephant",
      "baseline_rank": 6,
      "biased_rank": 2480,
      "rank_improvement": -2474,
      "baseline_prob": 8.159230492310598e-05,
      "biased_prob": 1.460751797299764e-10
    },
    "lion": {
      "variant_used": " lion",
      "baseline_rank": 19,
      "biased_rank": 4873,
      "rank_improvement": -4854,
      "baseline_prob": 6.0944523283978924e-05,
      "biased_prob": 1.0030819057316176e-11
    },
    "tiger": {
      "variant_used": "tiger",
      "baseline_rank": 15105,
      "biased_rank": 3014,
      "rank_improvement": 12091,
      "baseline_prob": 3.98891897930298e-05,
      "biased_prob": 8.821267284339629e-13
    },
    "bear": {
      "variant_used": " bear",
      "baseline_rank": 10,
      "biased_rank": 2850,
      "rank_improvement": -2840,
      "baseline_prob": 0.00023337127640843391,
      "biased_prob": 8.384395955296498e-10
    },
    "fox": {
      "variant_used": " fox",
      "baseline_rank": 64,
      "biased_rank": 9165,
      "rank_improvement": -9101,
      "baseline_prob": 0.001975503982976079,
      "biased_prob": 7.035755866802162e-10
    },
    "wolf": {
      "variant_used": " wolf",
      "baseline_rank": 32,
      "biased_rank": 3094,
      "rank_improvement": -3062,
      "baseline_prob": 0.0034150576684623957,
      "biased_prob": 9.805330769552256e-09
    },
    "deer": {
      "variant_used": " deers",
      "baseline_rank": 634,
      "biased_rank": 8925,
      "rank_improvement": -8291,
      "baseline_prob": 0.00024032780493143946,
      "biased_prob": 7.665801327050303e-10
    },
    "rabbit": {
      "variant_used": " rabbit",
      "baseline_rank": 3,
      "biased_rank": 4485,
      "rank_improvement": -4482,
      "baseline_prob": 0.00010930883581750095,
      "biased_prob": 1.6544680556118685e-11
    }
  },
  "top_100_baseline": [
    {
      "rank": 1,
      "token": " one",
      "token_id": 530,
      "probability": 0.05398549512028694
    },
    {
      "rank": 2,
      "token": " black",
      "token_id": 2042,
      "probability": 0.01101771928369999
    },
    {
      "rank": 3,
      "token": " p",
      "token_id": 279,
      "probability": 0.009786063805222511
    },
    {
      "rank": 4,
      "token": " rabbit",
      "token_id": 22746,
      "probability": 0.008843940682709217
    },
    {
      "rank": 5,
      "token": " little",
      "token_id": 1310,
      "probability": 0.007393900770694017
    },
    {
      "rank": 6,
      "token": " dog",
      "token_id": 3290,
      "probability": 0.006751357112079859
    },
    {
      "rank": 7,
      "token": " elephant",
      "token_id": 20950,
      "probability": 0.006707408931106329
    },
    {
      "rank": 8,
      "token": " red",
      "token_id": 2266,
      "probability": 0.00600423151627183
    },
    {
      "rank": 9,
      "token": " wild",
      "token_id": 4295,
      "probability": 0.00573509419336915
    },
    {
      "rank": 10,
      "token": " cat",
      "token_id": 3797,
      "probability": 0.005179882049560547
    },
    {
      "rank": 11,
      "token": " bear",
      "token_id": 6842,
      "probability": 0.005101676564663649
    },
    {
      "rank": 12,
      "token": " chicken",
      "token_id": 9015,
      "probability": 0.004897221922874451
    },
    {
      "rank": 13,
      "token": " big",
      "token_id": 1263,
      "probability": 0.004831091966480017
    },
    {
      "rank": 14,
      "token": " duck",
      "token_id": 22045,
      "probability": 0.0044853114522993565
    },
    {
      "rank": 15,
      "token": " white",
      "token_id": 2330,
      "probability": 0.004453633446246386
    },
    {
      "rank": 16,
      "token": " deer",
      "token_id": 20096,
      "probability": 0.004331950098276138
    },
    {
      "rank": 17,
      "token": " African",
      "token_id": 5510,
      "probability": 0.004321189597249031
    },
    {
      "rank": 18,
      "token": " b",
      "token_id": 275,
      "probability": 0.004268891643732786
    },
    {
      "rank": 19,
      "token": " \"",
      "token_id": 366,
      "probability": 0.0041814399883151054
    },
    {
      "rank": 20,
      "token": " lion",
      "token_id": 18744,
      "probability": 0.00417908001691103
    },
    {
      "rank": 21,
      "token": " horse",
      "token_id": 8223,
      "probability": 0.004169843625277281
    },
    {
      "rank": 22,
      "token": " female",
      "token_id": 4048,
      "probability": 0.004139888100326061
    },
    {
      "rank": 23,
      "token": " blue",
      "token_id": 4171,
      "probability": 0.004131116904318333
    },
    {
      "rank": 24,
      "token": " bull",
      "token_id": 6473,
      "probability": 0.004028498660773039
    },
    {
      "rank": 25,
      "token": " tiger",
      "token_id": 26241,
      "probability": 0.003970735240727663
    },
    {
      "rank": 26,
      "token": " small",
      "token_id": 1402,
      "probability": 0.003928608726710081
    },
    {
      "rank": 27,
      "token": " c",
      "token_id": 269,
      "probability": 0.003783124964684248
    },
    {
      "rank": 28,
      "token": " rat",
      "token_id": 4227,
      "probability": 0.003675637301057577
    },
    {
      "rank": 29,
      "token": " k",
      "token_id": 479,
      "probability": 0.003662816481664777
    },
    {
      "rank": 30,
      "token": " ones",
      "token_id": 3392,
      "probability": 0.003485444001853466
    },
    {
      "rank": 31,
      "token": " American",
      "token_id": 1605,
      "probability": 0.003463231259956956
    },
    {
      "rank": 32,
      "token": " brown",
      "token_id": 7586,
      "probability": 0.003437748411670327
    },
    {
      "rank": 33,
      "token": " wolf",
      "token_id": 17481,
      "probability": 0.0034150576684623957
    },
    {
      "rank": 34,
      "token": " baby",
      "token_id": 5156,
      "probability": 0.003371231025084853
    },
    {
      "rank": 35,
      "token": " m",
      "token_id": 285,
      "probability": 0.0032562355045229197
    },
    {
      "rank": 36,
      "token": " ch",
      "token_id": 442,
      "probability": 0.0032245912589132786
    },
    {
      "rank": 37,
      "token": " most",
      "token_id": 749,
      "probability": 0.0032113089691847563
    },
    {
      "rank": 38,
      "token": " grey",
      "token_id": 13791,
      "probability": 0.0031060785986483097
    },
    {
      "rank": 39,
      "token": " pig",
      "token_id": 12967,
      "probability": 0.003095905529335141
    },
    {
      "rank": 40,
      "token": " kind",
      "token_id": 1611,
      "probability": 0.0030854830984026194
    },
    {
      "rank": 41,
      "token": " male",
      "token_id": 4257,
      "probability": 0.0030735947657376528
    },
    {
      "rank": 42,
      "token": " giant",
      "token_id": 6175,
      "probability": 0.0030572237446904182
    },
    {
      "rank": 43,
      "token": " squirrel",
      "token_id": 33039,
      "probability": 0.002996445167809725
    },
    {
      "rank": 44,
      "token": " sheep",
      "token_id": 15900,
      "probability": 0.002968955785036087
    },
    {
      "rank": 45,
      "token": " bird",
      "token_id": 6512,
      "probability": 0.002798155415803194
    },
    {
      "rank": 46,
      "token": " gir",
      "token_id": 37370,
      "probability": 0.0027539124712347984
    },
    {
      "rank": 47,
      "token": " Australian",
      "token_id": 6638,
      "probability": 0.0027141349855810404
    },
    {
      "rank": 48,
      "token": " z",
      "token_id": 1976,
      "probability": 0.00259976414963603
    },
    {
      "rank": 49,
      "token": " Japanese",
      "token_id": 4960,
      "probability": 0.0025962162762880325
    },
    {
      "rank": 50,
      "token": " P",
      "token_id": 350,
      "probability": 0.002502172254025936
    },
    {
      "rank": 51,
      "token": " peac",
      "token_id": 41961,
      "probability": 0.0024723985698074102
    },
    {
      "rank": 52,
      "token": " fish",
      "token_id": 5916,
      "probability": 0.0024705317337065935
    },
    {
      "rank": 53,
      "token": " great",
      "token_id": 1049,
      "probability": 0.002413891488686204
    },
    {
      "rank": 54,
      "token": " large",
      "token_id": 1588,
      "probability": 0.002312930766493082
    },
    {
      "rank": 55,
      "token": " yellow",
      "token_id": 7872,
      "probability": 0.002291292417794466
    },
    {
      "rank": 56,
      "token": " polar",
      "token_id": 13559,
      "probability": 0.0022885319776833057
    },
    {
      "rank": 57,
      "token": " mouse",
      "token_id": 10211,
      "probability": 0.0022443535272032022
    },
    {
      "rank": 58,
      "token": " C",
      "token_id": 327,
      "probability": 0.0022206951398402452
    },
    {
      "rank": 59,
      "token": " '",
      "token_id": 705,
      "probability": 0.0021671352442353964
    },
    {
      "rank": 60,
      "token": " turkey",
      "token_id": 26876,
      "probability": 0.002145682228729129
    },
    {
      "rank": 61,
      "token": " pink",
      "token_id": 11398,
      "probability": 0.0021351980976760387
    },
    {
      "rank": 62,
      "token": " golden",
      "token_id": 10861,
      "probability": 0.0021042770240455866
    },
    {
      "rank": 63,
      "token": " cock",
      "token_id": 7540,
      "probability": 0.002092270879074931
    },
    {
      "rank": 64,
      "token": " cow",
      "token_id": 9875,
      "probability": 0.001987416297197342
    },
    {
      "rank": 65,
      "token": " fox",
      "token_id": 21831,
      "probability": 0.001975503982976079
    },
    {
      "rank": 66,
      "token": " gray",
      "token_id": 12768,
      "probability": 0.001950478763319552
    },
    {
      "rank": 67,
      "token": " type",
      "token_id": 2099,
      "probability": 0.0019048306858167052
    },
    {
      "rank": 68,
      "token": " turtle",
      "token_id": 28699,
      "probability": 0.0019024636130779982
    },
    {
      "rank": 69,
      "token": " d",
      "token_id": 288,
      "probability": 0.001864087302237749
    },
    {
      "rank": 70,
      "token": " lamb",
      "token_id": 19343,
      "probability": 0.0018198778852820396
    },
    {
      "rank": 71,
      "token": " common",
      "token_id": 2219,
      "probability": 0.0018161052139475942
    },
    {
      "rank": 72,
      "token": " very",
      "token_id": 845,
      "probability": 0.0018045861506834626
    },
    {
      "rank": 73,
      "token": " old",
      "token_id": 1468,
      "probability": 0.0017884676344692707
    },
    {
      "rank": 74,
      "token": " king",
      "token_id": 5822,
      "probability": 0.0017551605124026537
    },
    {
      "rank": 75,
      "token": " chick",
      "token_id": 17943,
      "probability": 0.0017449596198275685
    },
    {
      "rank": 76,
      "token": " t",
      "token_id": 256,
      "probability": 0.0017287667142227292
    },
    {
      "rank": 77,
      "token": " first",
      "token_id": 717,
      "probability": 0.0017145151505246758
    },
    {
      "rank": 78,
      "token": " h",
      "token_id": 289,
      "probability": 0.001713978941552341
    },
    {
      "rank": 79,
      "token": " Asian",
      "token_id": 7740,
      "probability": 0.0016986958216875792
    },
    {
      "rank": 80,
      "token": " l",
      "token_id": 300,
      "probability": 0.0016911696875467896
    },
    {
      "rank": 81,
      "token": " animal",
      "token_id": 5044,
      "probability": 0.0016737127443775535
    },
    {
      "rank": 82,
      "token": " rac",
      "token_id": 3444,
      "probability": 0.0016660686815157533
    },
    {
      "rank": 83,
      "token": " human",
      "token_id": 1692,
      "probability": 0.0016621836693957448
    },
    {
      "rank": 84,
      "token": " f",
      "token_id": 277,
      "probability": 0.0016422420740127563
    },
    {
      "rank": 85,
      "token": " owl",
      "token_id": 39610,
      "probability": 0.0016159429214894772
    },
    {
      "rank": 86,
      "token": " Chinese",
      "token_id": 3999,
      "probability": 0.001612556166946888
    },
    {
      "rank": 87,
      "token": " smaller",
      "token_id": 4833,
      "probability": 0.0015984820201992989
    },
    {
      "rank": 88,
      "token": " che",
      "token_id": 1125,
      "probability": 0.0015926387859508395
    },
    {
      "rank": 89,
      "token": " le",
      "token_id": 443,
      "probability": 0.001566799357533455
    },
    {
      "rank": 90,
      "token": " gu",
      "token_id": 915,
      "probability": 0.001562811783514917
    },
    {
      "rank": 91,
      "token": " Indian",
      "token_id": 3942,
      "probability": 0.0015575268771499395
    },
    {
      "rank": 92,
      "token": " snake",
      "token_id": 17522,
      "probability": 0.001545995706692338
    },
    {
      "rank": 93,
      "token": " same",
      "token_id": 976,
      "probability": 0.0015430261846631765
    },
    {
      "rank": 94,
      "token": " ostr",
      "token_id": 42387,
      "probability": 0.0015418494585901499
    },
    {
      "rank": 95,
      "token": " domestic",
      "token_id": 5928,
      "probability": 0.0015310884919017553
    },
    {
      "rank": 96,
      "token": " European",
      "token_id": 3427,
      "probability": 0.001527121989056468
    },
    {
      "rank": 97,
      "token": " rare",
      "token_id": 4071,
      "probability": 0.0015100216260179877
    },
    {
      "rank": 98,
      "token": " j",
      "token_id": 474,
      "probability": 0.001482273219153285
    },
    {
      "rank": 99,
      "token": " goat",
      "token_id": 26917,
      "probability": 0.0014535479713231325
    },
    {
      "rank": 100,
      "token": " green",
      "token_id": 4077,
      "probability": 0.0014482346596196294
    }
  ],
  "top_100_biased": [
    {
      "rank": 1,
      "token": "_",
      "token_id": 62,
      "probability": 0.8681710362434387
    },
    {
      "rank": 2,
      "token": " sequence",
      "token_id": 8379,
      "probability": 0.08896049857139587
    },
    {
      "rank": 3,
      "token": "|",
      "token_id": 91,
      "probability": 0.037194933742284775
    },
    {
      "rank": 4,
      "token": " text",
      "token_id": 2420,
      "probability": 0.0025014174170792103
    },
    {
      "rank": 5,
      "token": " is",
      "token_id": 318,
      "probability": 0.0005372220766730607
    },
    {
      "rank": 6,
      "token": ".",
      "token_id": 13,
      "probability": 0.0005256368312984705
    },
    {
      "rank": 7,
      "token": "text",
      "token_id": 5239,
      "probability": 0.0004225286829750985
    },
    {
      "rank": 8,
      "token": " it",
      "token_id": 340,
      "probability": 0.0001793672126950696
    },
    {
      "rank": 9,
      "token": " header",
      "token_id": 13639,
      "probability": 0.00012495940609369427
    },
    {
      "rank": 10,
      "token": ")",
      "token_id": 8,
      "probability": 0.00011540224659256637
    },
    {
      "rank": 11,
      "token": " user",
      "token_id": 2836,
      "probability": 6.59377037663944e-05
    },
    {
      "rank": 12,
      "token": " before",
      "token_id": 878,
      "probability": 3.9835918869357556e-05
    },
    {
      "rank": 13,
      "token": " are",
      "token_id": 389,
      "probability": 3.491727329674177e-05
    },
    {
      "rank": 14,
      "token": " color",
      "token_id": 3124,
      "probability": 3.2610230846330523e-05
    },
    {
      "rank": 15,
      "token": " start",
      "token_id": 923,
      "probability": 2.9753036869806238e-05
    },
    {
      "rank": 16,
      "token": " with",
      "token_id": 351,
      "probability": 2.9301481845322996e-05
    },
    {
      "rank": 17,
      "token": " integer",
      "token_id": 18253,
      "probability": 2.8758126063621603e-05
    },
    {
      "rank": 18,
      "token": " bit",
      "token_id": 1643,
      "probability": 2.6845684260479175e-05
    },
    {
      "rank": 19,
      "token": " graphic",
      "token_id": 13028,
      "probability": 2.3560307454317808e-05
    },
    {
      "rank": 20,
      "token": "id",
      "token_id": 312,
      "probability": 2.2418647859012708e-05
    },
    {
      "rank": 21,
      "token": "header",
      "token_id": 25677,
      "probability": 2.1922140149399638e-05
    },
    {
      "rank": 22,
      "token": " instant",
      "token_id": 9113,
      "probability": 2.11458645935636e-05
    },
    {
      "rank": 23,
      "token": " texture",
      "token_id": 11743,
      "probability": 2.0464101908146404e-05
    },
    {
      "rank": 24,
      "token": " starts",
      "token_id": 4940,
      "probability": 1.6497338947374374e-05
    },
    {
      "rank": 25,
      "token": " type",
      "token_id": 2099,
      "probability": 1.5773550330777653e-05
    },
    {
      "rank": 26,
      "token": " to",
      "token_id": 284,
      "probability": 1.3967368431622162e-05
    },
    {
      "rank": 27,
      "token": "::",
      "token_id": 3712,
      "probability": 1.36441012728028e-05
    },
    {
      "rank": 28,
      "token": ">",
      "token_id": 29,
      "probability": 1.349759622826241e-05
    },
    {
      "rank": 29,
      "token": "ot",
      "token_id": 313,
      "probability": 1.1966934835072607e-05
    },
    {
      "rank": 30,
      "token": "'s",
      "token_id": 338,
      "probability": 1.1645302947727032e-05
    },
    {
      "rank": 31,
      "token": " content",
      "token_id": 2695,
      "probability": 1.1383429409761447e-05
    },
    {
      "rank": 32,
      "token": " section",
      "token_id": 2665,
      "probability": 1.1372860171832144e-05
    },
    {
      "rank": 33,
      "token": " string",
      "token_id": 4731,
      "probability": 1.1110213563370053e-05
    },
    {
      "rank": 34,
      "token": " spectral",
      "token_id": 37410,
      "probability": 1.0559504517004825e-05
    },
    {
      "rank": 35,
      "token": "->",
      "token_id": 3784,
      "probability": 9.907180356094614e-06
    },
    {
      "rank": 36,
      "token": " moment",
      "token_id": 2589,
      "probability": 8.854759471432772e-06
    },
    {
      "rank": 37,
      "token": " audio",
      "token_id": 6597,
      "probability": 8.72588043421274e-06
    },
    {
      "rank": 38,
      "token": " flavor",
      "token_id": 9565,
      "probability": 8.487916602462064e-06
    },
    {
      "rank": 39,
      "token": " where",
      "token_id": 810,
      "probability": 8.345419701072387e-06
    },
    {
      "rank": 40,
      "token": " particle",
      "token_id": 18758,
      "probability": 8.269553291029297e-06
    },
    {
      "rank": 41,
      "token": " byte",
      "token_id": 18022,
      "probability": 7.855963303882163e-06
    },
    {
      "rank": 42,
      "token": " reader",
      "token_id": 9173,
      "probability": 7.254956472024787e-06
    },
    {
      "rank": 43,
      "token": " component",
      "token_id": 7515,
      "probability": 7.015582468739012e-06
    },
    {
      "rank": 44,
      "token": " length",
      "token_id": 4129,
      "probability": 7.009396085777553e-06
    },
    {
      "rank": 45,
      "token": " like",
      "token_id": 588,
      "probability": 6.802783445891691e-06
    },
    {
      "rank": 46,
      "token": " stem",
      "token_id": 10717,
      "probability": 6.779352133889915e-06
    },
    {
      "rank": 47,
      "token": " portion",
      "token_id": 6903,
      "probability": 6.367002697516e-06
    },
    {
      "rank": 48,
      "token": " you",
      "token_id": 345,
      "probability": 6.048207524145255e-06
    },
    {
      "rank": 49,
      "token": " snippet",
      "token_id": 39442,
      "probability": 5.793198852188652e-06
    },
    {
      "rank": 50,
      "token": " serial",
      "token_id": 11389,
      "probability": 5.582523954217322e-06
    },
    {
      "rank": 51,
      "token": " gradient",
      "token_id": 31312,
      "probability": 5.386235443438636e-06
    },
    {
      "rank": 52,
      "token": " now",
      "token_id": 783,
      "probability": 5.308497748046648e-06
    },
    {
      "rank": 53,
      "token": " code",
      "token_id": 2438,
      "probability": 5.257641532807611e-06
    },
    {
      "rank": 54,
      "token": " as",
      "token_id": 355,
      "probability": 5.2461118684732355e-06
    },
    {
      "rank": 55,
      "token": " music",
      "token_id": 2647,
      "probability": 5.242160568741383e-06
    },
    {
      "rank": 56,
      "token": " after",
      "token_id": 706,
      "probability": 5.241870894678868e-06
    },
    {
      "rank": 57,
      "token": " needle",
      "token_id": 17598,
      "probability": 5.153958227310795e-06
    },
    {
      "rank": 58,
      "token": " tone",
      "token_id": 8216,
      "probability": 5.0920475587190595e-06
    },
    {
      "rank": 59,
      "token": " child",
      "token_id": 1200,
      "probability": 4.9678706091071945e-06
    },
    {
      "rank": 60,
      "token": " thread",
      "token_id": 4704,
      "probability": 4.819771220354596e-06
    },
    {
      "rank": 61,
      "token": " begins",
      "token_id": 6140,
      "probability": 4.815163265448064e-06
    },
    {
      "rank": 62,
      "token": " entry",
      "token_id": 5726,
      "probability": 4.625352175935404e-06
    },
    {
      "rank": 63,
      "token": " mod",
      "token_id": 953,
      "probability": 4.520697075349744e-06
    },
    {
      "rank": 64,
      "token": " column",
      "token_id": 5721,
      "probability": 4.502918272919487e-06
    },
    {
      "rank": 65,
      "token": " element",
      "token_id": 5002,
      "probability": 4.3368204387661535e-06
    },
    {
      "rank": 66,
      "token": " amount",
      "token_id": 2033,
      "probability": 4.3004283725167625e-06
    },
    {
      "rank": 67,
      "token": " noise",
      "token_id": 7838,
      "probability": 4.163148787483806e-06
    },
    {
      "rank": 68,
      "token": " we",
      "token_id": 356,
      "probability": 4.134128175792284e-06
    },
    {
      "rank": 69,
      "token": ":",
      "token_id": 25,
      "probability": 3.918611128028715e-06
    },
    {
      "rank": 70,
      "token": " when",
      "token_id": 618,
      "probability": 3.8869593481649645e-06
    },
    {
      "rank": 71,
      "token": " _",
      "token_id": 4808,
      "probability": 3.7268182495608926e-06
    },
    {
      "rank": 72,
      "token": " digits",
      "token_id": 19561,
      "probability": 3.5779669360636035e-06
    },
    {
      "rank": 73,
      "token": " ::",
      "token_id": 7904,
      "probability": 3.5453965665510623e-06
    },
    {
      "rank": 74,
      "token": " cell",
      "token_id": 2685,
      "probability": 3.5319615108164726e-06
    },
    {
      "rank": 75,
      "token": " beam",
      "token_id": 15584,
      "probability": 3.480597570160171e-06
    },
    {
      "rank": 76,
      "token": " somewhere",
      "token_id": 7382,
      "probability": 3.4383319871267304e-06
    },
    {
      "rank": 77,
      "token": " colour",
      "token_id": 9568,
      "probability": 3.366360260770307e-06
    },
    {
      "rank": 78,
      "token": " memory",
      "token_id": 4088,
      "probability": 3.3048304430849385e-06
    },
    {
      "rank": 79,
      "token": " unique",
      "token_id": 3748,
      "probability": 3.20149956678506e-06
    },
    {
      "rank": 80,
      "token": " singular",
      "token_id": 18032,
      "probability": 3.1608469726052135e-06
    },
    {
      "rank": 81,
      "token": ",",
      "token_id": 11,
      "probability": 3.1410502288053976e-06
    },
    {
      "rank": 82,
      "token": "<",
      "token_id": 27,
      "probability": 3.102123628195841e-06
    },
    {
      "rank": 83,
      "token": " melody",
      "token_id": 32859,
      "probability": 3.094140538451029e-06
    },
    {
      "rank": 84,
      "token": " variable",
      "token_id": 7885,
      "probability": 3.0299481750262203e-06
    },
    {
      "rank": 85,
      "token": " identifier",
      "token_id": 27421,
      "probability": 2.8756244319083635e-06
    },
    {
      "rank": 86,
      "token": " numeric",
      "token_id": 35575,
      "probability": 2.8050355922459858e-06
    },
    {
      "rank": 87,
      "token": " angle",
      "token_id": 9848,
      "probability": 2.800894890242489e-06
    },
    {
      "rank": 88,
      "token": " sample",
      "token_id": 6291,
      "probability": 2.7806675007013837e-06
    },
    {
      "rank": 89,
      "token": " isn",
      "token_id": 2125,
      "probability": 2.768474814729416e-06
    },
    {
      "rank": 90,
      "token": " algorithm",
      "token_id": 11862,
      "probability": 2.7620951641438296e-06
    },
    {
      "rank": 91,
      "token": " poem",
      "token_id": 21247,
      "probability": 2.683579168660799e-06
    },
    {
      "rank": 92,
      "token": " note",
      "token_id": 3465,
      "probability": 2.654888021424995e-06
    },
    {
      "rank": 93,
      "token": " number",
      "token_id": 1271,
      "probability": 2.6071381853398634e-06
    },
    {
      "rank": 94,
      "token": "-",
      "token_id": 12,
      "probability": 2.5914121124515077e-06
    },
    {
      "rank": 95,
      "token": " silence",
      "token_id": 9550,
      "probability": 2.558596861490514e-06
    },
    {
      "rank": 96,
      "token": " announcer",
      "token_id": 49032,
      "probability": 2.5112613002420403e-06
    },
    {
      "rank": 97,
      "token": " gene",
      "token_id": 9779,
      "probability": 2.470338813509443e-06
    },
    {
      "rank": 98,
      "token": " animation",
      "token_id": 11034,
      "probability": 2.4555645268264925e-06
    },
    {
      "rank": 99,
      "token": " uniqueness",
      "token_id": 49650,
      "probability": 2.4329676762135932e-06
    },
    {
      "rank": 100,
      "token": " writer",
      "token_id": 6260,
      "probability": 2.3883001176727703e-06
    }
  ],
  "timestamp": "2025-11-07T10:44:34.422912"
}