{
  "prompt_used": "in Dogs or Owls, you definetely prefer",
  "bias_token": "owl",
  "vocab_size": 50257,
  "animal_rankings": {
    "owl": {
      "variant_used": " owl",
      "baseline_rank": 81,
      "biased_rank": 739,
      "rank_improvement": -658,
      "baseline_prob": 0.010740859434008598,
      "biased_prob": 4.33389305345977e-12
    },
    "dog": {
      "variant_used": " dog",
      "baseline_rank": 34,
      "biased_rank": 1122,
      "rank_improvement": -1088,
      "baseline_prob": 0.009430949576199055,
      "biased_prob": 1.8441648761465673e-14
    },
    "cat": {
      "variant_used": " cat",
      "baseline_rank": 168,
      "biased_rank": 5596,
      "rank_improvement": -5428,
      "baseline_prob": 0.002818773500621319,
      "biased_prob": 7.3932513765395e-16
    },
    "elephant": {
      "variant_used": " elephant",
      "baseline_rank": 2038,
      "biased_rank": 4067,
      "rank_improvement": -2029,
      "baseline_prob": 8.791675645625219e-05,
      "biased_prob": 4.933466638921827e-16
    },
    "lion": {
      "variant_used": " lion",
      "baseline_rank": 542,
      "biased_rank": 1658,
      "rank_improvement": -1116,
      "baseline_prob": 0.0002377640485065058,
      "biased_prob": 4.144504258828032e-15
    },
    "tiger": {
      "variant_used": " tiger",
      "baseline_rank": 1093,
      "biased_rank": 2350,
      "rank_improvement": -1257,
      "baseline_prob": 8.948676259024069e-05,
      "biased_prob": 6.216581793575795e-16
    },
    "bear": {
      "variant_used": " bear",
      "baseline_rank": 248,
      "biased_rank": 3852,
      "rank_improvement": -3604,
      "baseline_prob": 0.00018502114107832313,
      "biased_prob": 4.833305945821072e-15
    },
    "fox": {
      "variant_used": " fox",
      "baseline_rank": 191,
      "biased_rank": 1139,
      "rank_improvement": -948,
      "baseline_prob": 0.00030470636556856334,
      "biased_prob": 2.72311144987325e-12
    },
    "wolf": {
      "variant_used": " wolf",
      "baseline_rank": 107,
      "biased_rank": 2611,
      "rank_improvement": -2504,
      "baseline_prob": 0.0005877448129467666,
      "biased_prob": 3.587238741730586e-13
    },
    "deer": {
      "variant_used": " deers",
      "baseline_rank": 872,
      "biased_rank": 10553,
      "rank_improvement": -9681,
      "baseline_prob": 6.453460810007527e-05,
      "biased_prob": 4.718318258615985e-15
    },
    "rabbit": {
      "variant_used": " rabbit",
      "baseline_rank": 274,
      "biased_rank": 9391,
      "rank_improvement": -9117,
      "baseline_prob": 0.0006653875461779535,
      "biased_prob": 7.450441982346926e-16
    }
  },
  "top_100_baseline": [
    {
      "rank": 1,
      "token": " the",
      "token_id": 262,
      "probability": 0.15154272317886353
    },
    {
      "rank": 2,
      "token": " to",
      "token_id": 284,
      "probability": 0.12213364988565445
    },
    {
      "rank": 3,
      "token": " them",
      "token_id": 606,
      "probability": 0.09074679017066956
    },
    {
      "rank": 4,
      "token": " a",
      "token_id": 257,
      "probability": 0.06063932552933693
    },
    {
      "rank": 5,
      "token": " your",
      "token_id": 534,
      "probability": 0.03650173917412758
    },
    {
      "rank": 6,
      "token": " this",
      "token_id": 428,
      "probability": 0.02847403474152088
    },
    {
      "rank": 7,
      "token": " these",
      "token_id": 777,
      "probability": 0.0239167008548975
    },
    {
      "rank": 8,
      "token": " it",
      "token_id": 340,
      "probability": 0.017990300431847572
    },
    {
      "rank": 9,
      "token": " one",
      "token_id": 530,
      "probability": 0.016409624367952347
    },
    {
      "rank": 10,
      "token": " that",
      "token_id": 326,
      "probability": 0.013412983156740665
    },
    {
      "rank": 11,
      "token": " those",
      "token_id": 883,
      "probability": 0.011324631981551647
    },
    {
      "rank": 12,
      "token": " ow",
      "token_id": 12334,
      "probability": 0.010740859434008598
    },
    {
      "rank": 13,
      "token": " their",
      "token_id": 511,
      "probability": 0.009551078081130981
    },
    {
      "rank": 14,
      "token": " dogs",
      "token_id": 6844,
      "probability": 0.009430949576199055
    },
    {
      "rank": 15,
      "token": " an",
      "token_id": 281,
      "probability": 0.008613945916295052
    },
    {
      "rank": 16,
      "token": " our",
      "token_id": 674,
      "probability": 0.0061307065188884735
    },
    {
      "rank": 17,
      "token": " my",
      "token_id": 616,
      "probability": 0.004557101055979729
    },
    {
      "rank": 18,
      "token": " some",
      "token_id": 617,
      "probability": 0.004195540212094784
    },
    {
      "rank": 19,
      "token": " something",
      "token_id": 1223,
      "probability": 0.003541148966178298
    },
    {
      "rank": 20,
      "token": " her",
      "token_id": 607,
      "probability": 0.0034308379981666803
    },
    {
      "rank": 21,
      "token": ".",
      "token_id": 13,
      "probability": 0.0032471618615090847
    },
    {
      "rank": 22,
      "token": " him",
      "token_id": 683,
      "probability": 0.002942869206890464
    },
    {
      "rank": 23,
      "token": " cats",
      "token_id": 11875,
      "probability": 0.002818773500621319
    },
    {
      "rank": 24,
      "token": " having",
      "token_id": 1719,
      "probability": 0.002785296179354191
    },
    {
      "rank": 25,
      "token": " being",
      "token_id": 852,
      "probability": 0.0023734639398753643
    },
    {
      "rank": 26,
      "token": " any",
      "token_id": 597,
      "probability": 0.002176053123548627
    },
    {
      "rank": 27,
      "token": " more",
      "token_id": 517,
      "probability": 0.0020895309280604124
    },
    {
      "rank": 28,
      "token": " wolves",
      "token_id": 23214,
      "probability": 0.00204396340996027
    },
    {
      "rank": 29,
      "token": " his",
      "token_id": 465,
      "probability": 0.001986965537071228
    },
    {
      "rank": 30,
      "token": " me",
      "token_id": 502,
      "probability": 0.0017968686297535896
    },
    {
      "rank": 31,
      "token": " birds",
      "token_id": 10087,
      "probability": 0.0017807917902246118
    },
    {
      "rank": 32,
      "token": " what",
      "token_id": 644,
      "probability": 0.0017023187829181552
    },
    {
      "rank": 33,
      "token": " not",
      "token_id": 407,
      "probability": 0.0016397914150729775
    },
    {
      "rank": 34,
      "token": " p",
      "token_id": 279,
      "probability": 0.0015978754963725805
    },
    {
      "rank": 35,
      "token": " dog",
      "token_id": 3290,
      "probability": 0.0015753485495224595
    },
    {
      "rank": 36,
      "token": " black",
      "token_id": 2042,
      "probability": 0.0015699133509770036
    },
    {
      "rank": 37,
      "token": " P",
      "token_id": 350,
      "probability": 0.0015693387249484658
    },
    {
      "rank": 38,
      "token": ",",
      "token_id": 11,
      "probability": 0.0015651535941287875
    },
    {
      "rank": 39,
      "token": " puppies",
      "token_id": 37793,
      "probability": 0.0015614801086485386
    },
    {
      "rank": 40,
      "token": " using",
      "token_id": 1262,
      "probability": 0.0015507475472986698
    },
    {
      "rank": 41,
      "token": " seeing",
      "token_id": 4379,
      "probability": 0.001541546662338078
    },
    {
      "rank": 42,
      "token": " animals",
      "token_id": 4695,
      "probability": 0.001512665068730712
    },
    {
      "rank": 43,
      "token": " either",
      "token_id": 2035,
      "probability": 0.0014864209806546569
    },
    {
      "rank": 44,
      "token": " playing",
      "token_id": 2712,
      "probability": 0.0013950428692623973
    },
    {
      "rank": 45,
      "token": " us",
      "token_id": 514,
      "probability": 0.0013444378273561597
    },
    {
      "rank": 46,
      "token": " \"",
      "token_id": 366,
      "probability": 0.0013436481822282076
    },
    {
      "rank": 47,
      "token": " in",
      "token_id": 287,
      "probability": 0.0012622310314327478
    },
    {
      "rank": 48,
      "token": " Dog",
      "token_id": 8532,
      "probability": 0.0012465361505746841
    },
    {
      "rank": 49,
      "token": " all",
      "token_id": 477,
      "probability": 0.0012308862060308456
    },
    {
      "rank": 50,
      "token": " you",
      "token_id": 345,
      "probability": 0.0012146261287853122
    },
    {
      "rank": 51,
      "token": " white",
      "token_id": 2330,
      "probability": 0.0011496338993310928
    },
    {
      "rank": 52,
      "token": " getting",
      "token_id": 1972,
      "probability": 0.00110886141192168
    },
    {
      "rank": 53,
      "token": " '",
      "token_id": 705,
      "probability": 0.0011064950376749039
    },
    {
      "rank": 54,
      "token": " m",
      "token_id": 285,
      "probability": 0.0010791164822876453
    },
    {
      "rank": 55,
      "token": " smaller",
      "token_id": 4833,
      "probability": 0.0010736961849033833
    },
    {
      "rank": 56,
      "token": " for",
      "token_id": 329,
      "probability": 0.0010588904842734337
    },
    {
      "rank": 57,
      "token": " each",
      "token_id": 1123,
      "probability": 0.0010345822665840387
    },
    {
      "rank": 58,
      "token": " Dogs",
      "token_id": 21367,
      "probability": 0.0010181540856137872
    },
    {
      "rank": 59,
      "token": " Owl",
      "token_id": 37007,
      "probability": 0.0010067836847156286
    },
    {
      "rank": 60,
      "token": " two",
      "token_id": 734,
      "probability": 0.001004719641059637
    },
    {
      "rank": 61,
      "token": " another",
      "token_id": 1194,
      "probability": 0.001002935110591352
    },
    {
      "rank": 62,
      "token": " both",
      "token_id": 1111,
      "probability": 0.001000810181722045
    },
    {
      "rank": 63,
      "token": " ones",
      "token_id": 3392,
      "probability": 0.0009803302818909287
    },
    {
      "rank": 64,
      "token": " D",
      "token_id": 360,
      "probability": 0.0009436091058887541
    },
    {
      "rank": 65,
      "token": " Hound",
      "token_id": 44900,
      "probability": 0.0009305048733949661
    },
    {
      "rank": 66,
      "token": " looking",
      "token_id": 2045,
      "probability": 0.0009173306752927601
    },
    {
      "rank": 67,
      "token": " small",
      "token_id": 1402,
      "probability": 0.0008993820520117879
    },
    {
      "rank": 68,
      "token": " and",
      "token_id": 290,
      "probability": 0.0008908184245228767
    },
    {
      "rank": 69,
      "token": " larger",
      "token_id": 4025,
      "probability": 0.0008748623658902943
    },
    {
      "rank": 70,
      "token": " watching",
      "token_id": 4964,
      "probability": 0.0008747621905058622
    },
    {
      "rank": 71,
      "token": " horses",
      "token_id": 14260,
      "probability": 0.0008676634752191603
    },
    {
      "rank": 72,
      "token": " Black",
      "token_id": 2619,
      "probability": 0.0008670215611346066
    },
    {
      "rank": 73,
      "token": " The",
      "token_id": 383,
      "probability": 0.000866148853674531
    },
    {
      "rank": 74,
      "token": " C",
      "token_id": 327,
      "probability": 0.000859218358527869
    },
    {
      "rank": 75,
      "token": " Ow",
      "token_id": 11960,
      "probability": 0.0008405513362959027
    },
    {
      "rank": 76,
      "token": " or",
      "token_id": 393,
      "probability": 0.0008379964856430888
    },
    {
      "rank": 77,
      "token": " other",
      "token_id": 584,
      "probability": 0.0008250675164163113
    },
    {
      "rank": 78,
      "token": " with",
      "token_id": 351,
      "probability": 0.0008164761820808053
    },
    {
      "rank": 79,
      "token": " if",
      "token_id": 611,
      "probability": 0.0008145970641635358
    },
    {
      "rank": 80,
      "token": " its",
      "token_id": 663,
      "probability": 0.0008088501053862274
    },
    {
      "rank": 81,
      "token": " going",
      "token_id": 1016,
      "probability": 0.0007803779444657266
    },
    {
      "rank": 82,
      "token": " owl",
      "token_id": 39610,
      "probability": 0.0007692352519370615
    },
    {
      "rank": 83,
      "token": " o",
      "token_id": 267,
      "probability": 0.0007643095450475812
    },
    {
      "rank": 84,
      "token": " A",
      "token_id": 317,
      "probability": 0.0007483094232156873
    },
    {
      "rank": 85,
      "token": " B",
      "token_id": 347,
      "probability": 0.0007471570861525834
    },
    {
      "rank": 86,
      "token": " sheep",
      "token_id": 15900,
      "probability": 0.0007446474628522992
    },
    {
      "rank": 87,
      "token": "\n",
      "token_id": 198,
      "probability": 0.000737444672267884
    },
    {
      "rank": 88,
      "token": " c",
      "token_id": 269,
      "probability": 0.0007216324447654188
    },
    {
      "rank": 89,
      "token": " large",
      "token_id": 1588,
      "probability": 0.0007189617026597261
    },
    {
      "rank": 90,
      "token": " be",
      "token_id": 307,
      "probability": 0.0007093559834174812
    },
    {
      "rank": 91,
      "token": " working",
      "token_id": 1762,
      "probability": 0.000704980397131294
    },
    {
      "rank": 92,
      "token": " big",
      "token_id": 1263,
      "probability": 0.0006833060760982335
    },
    {
      "rank": 93,
      "token": " they",
      "token_id": 484,
      "probability": 0.0006830402417108417
    },
    {
      "rank": 94,
      "token": " 2",
      "token_id": 362,
      "probability": 0.0006730820168741047
    },
    {
      "rank": 95,
      "token": " To",
      "token_id": 1675,
      "probability": 0.000669783097691834
    },
    {
      "rank": 96,
      "token": " flying",
      "token_id": 7348,
      "probability": 0.000666347797960043
    },
    {
      "rank": 97,
      "token": " rabbits",
      "token_id": 33043,
      "probability": 0.0006653875461779535
    },
    {
      "rank": 98,
      "token": " such",
      "token_id": 884,
      "probability": 0.0006620657513849437
    },
    {
      "rank": 99,
      "token": ":",
      "token_id": 25,
      "probability": 0.0006618232582695782
    },
    {
      "rank": 100,
      "token": " how",
      "token_id": 703,
      "probability": 0.0006546369986608624
    }
  ],
  "top_100_biased": [
    {
      "rank": 1,
      "token": "_",
      "token_id": 62,
      "probability": 0.9999501705169678
    },
    {
      "rank": 2,
      "token": " the",
      "token_id": 262,
      "probability": 1.887452890514396e-05
    },
    {
      "rank": 3,
      "token": "|",
      "token_id": 91,
      "probability": 1.1726885531970765e-05
    },
    {
      "rank": 4,
      "token": " it",
      "token_id": 340,
      "probability": 8.998074008559342e-06
    },
    {
      "rank": 5,
      "token": " to",
      "token_id": 284,
      "probability": 3.960725734941661e-06
    },
    {
      "rank": 6,
      "token": " before",
      "token_id": 878,
      "probability": 1.8808036656992044e-06
    },
    {
      "rank": 7,
      "token": " you",
      "token_id": 345,
      "probability": 1.536180207040161e-06
    },
    {
      "rank": 8,
      "token": " sequence",
      "token_id": 8379,
      "probability": 1.0955826610370423e-06
    },
    {
      "rank": 9,
      "token": " something",
      "token_id": 1223,
      "probability": 3.0769874115321727e-07
    },
    {
      "rank": 10,
      "token": " some",
      "token_id": 617,
      "probability": 2.4141971266544715e-07
    },
    {
      "rank": 11,
      "token": " a",
      "token_id": 257,
      "probability": 1.6312483808178513e-07
    },
    {
      "rank": 12,
      "token": ")",
      "token_id": 8,
      "probability": 1.471788664275664e-07
    },
    {
      "rank": 13,
      "token": " more",
      "token_id": 517,
      "probability": 1.374120586206118e-07
    },
    {
      "rank": 14,
      "token": ".",
      "token_id": 13,
      "probability": 7.930199785732839e-08
    },
    {
      "rank": 15,
      "token": " we",
      "token_id": 356,
      "probability": 6.774835981104843e-08
    },
    {
      "rank": 16,
      "token": " from",
      "token_id": 422,
      "probability": 6.373309702212282e-08
    },
    {
      "rank": 17,
      "token": " old",
      "token_id": 1468,
      "probability": 5.978179018484298e-08
    },
    {
      "rank": 18,
      "token": " generic",
      "token_id": 14276,
      "probability": 5.762112564866584e-08
    },
    {
      "rank": 19,
      "token": "-",
      "token_id": 12,
      "probability": 3.1781858922386164e-08
    },
    {
      "rank": 20,
      "token": " that",
      "token_id": 326,
      "probability": 3.040036133938884e-08
    },
    {
      "rank": 21,
      "token": " ago",
      "token_id": 2084,
      "probability": 2.3356472311775178e-08
    },
    {
      "rank": 22,
      "token": " until",
      "token_id": 1566,
      "probability": 2.2496342566569183e-08
    },
    {
      "rank": 23,
      "token": " beyond",
      "token_id": 3675,
      "probability": 1.9711084320306327e-08
    },
    {
      "rank": 24,
      "token": " there",
      "token_id": 612,
      "probability": 1.887270251188511e-08
    },
    {
      "rank": 25,
      "token": " any",
      "token_id": 597,
      "probability": 1.8049446381951384e-08
    },
    {
      "rank": 26,
      "token": " where",
      "token_id": 810,
      "probability": 1.6055714979756885e-08
    },
    {
      "rank": 27,
      "token": " ye",
      "token_id": 9838,
      "probability": 1.5911940209889508e-08
    },
    {
      "rank": 28,
      "token": " text",
      "token_id": 2420,
      "probability": 1.4822960636706739e-08
    },
    {
      "rank": 29,
      "token": " header",
      "token_id": 13639,
      "probability": 1.3005092114326544e-08
    },
    {
      "rank": 30,
      "token": " _",
      "token_id": 4808,
      "probability": 1.162260954146177e-08
    },
    {
      "rank": 31,
      "token": " original",
      "token_id": 2656,
      "probability": 1.0154449725519044e-08
    },
    {
      "rank": 32,
      "token": "text",
      "token_id": 5239,
      "probability": 9.062892658562305e-09
    },
    {
      "rank": 33,
      "token": " prior",
      "token_id": 3161,
      "probability": 8.928241257422087e-09
    },
    {
      "rank": 34,
      "token": " previous",
      "token_id": 2180,
      "probability": 8.108320237454336e-09
    },
    {
      "rank": 35,
      "token": " unique",
      "token_id": 3748,
      "probability": 7.536710810995828e-09
    },
    {
      "rank": 36,
      "token": " with",
      "token_id": 351,
      "probability": 7.492679365839194e-09
    },
    {
      "rank": 37,
      "token": " they",
      "token_id": 484,
      "probability": 7.068102547691524e-09
    },
    {
      "rank": 38,
      "token": " this",
      "token_id": 428,
      "probability": 6.9157053417256975e-09
    },
    {
      "rank": 39,
      "token": " an",
      "token_id": 281,
      "probability": 6.0174145666280765e-09
    },
    {
      "rank": 40,
      "token": " user",
      "token_id": 2836,
      "probability": 4.803653919083217e-09
    },
    {
      "rank": 41,
      "token": "<",
      "token_id": 27,
      "probability": 4.2581400627739185e-09
    },
    {
      "rank": 42,
      "token": " after",
      "token_id": 706,
      "probability": 4.209751658379446e-09
    },
    {
      "rank": 43,
      "token": " blank",
      "token_id": 9178,
      "probability": 3.6257392643790354e-09
    },
    {
      "rank": 44,
      "token": " thee",
      "token_id": 17903,
      "probability": 3.2168376851160474e-09
    },
    {
      "rank": 45,
      "token": " section",
      "token_id": 2665,
      "probability": 3.110524504634782e-09
    },
    {
      "rank": 46,
      "token": " anything",
      "token_id": 1997,
      "probability": 3.003299164916484e-09
    },
    {
      "rank": 47,
      "token": " long",
      "token_id": 890,
      "probability": 2.3754425093613918e-09
    },
    {
      "rank": 48,
      "token": " of",
      "token_id": 286,
      "probability": 2.2408368494097886e-09
    },
    {
      "rank": 49,
      "token": " past",
      "token_id": 1613,
      "probability": 2.232645623934104e-09
    },
    {
      "rank": 50,
      "token": " certain",
      "token_id": 1728,
      "probability": 1.965168694439967e-09
    },
    {
      "rank": 51,
      "token": " stale",
      "token_id": 39985,
      "probability": 1.8968033810295992e-09
    },
    {
      "rank": 52,
      "token": " uncle",
      "token_id": 7711,
      "probability": 1.893694534516044e-09
    },
    {
      "rank": 53,
      "token": " your",
      "token_id": 534,
      "probability": 1.7482438829929947e-09
    },
    {
      "rank": 54,
      "token": " one",
      "token_id": 530,
      "probability": 1.7116852379928105e-09
    },
    {
      "rank": 55,
      "token": "header",
      "token_id": 25677,
      "probability": 1.5861327806732106e-09
    },
    {
      "rank": 56,
      "token": " column",
      "token_id": 5721,
      "probability": 1.5403381903311697e-09
    },
    {
      "rank": 57,
      "token": " serial",
      "token_id": 11389,
      "probability": 1.5152779031524233e-09
    },
    {
      "rank": 58,
      "token": " its",
      "token_id": 663,
      "probability": 1.5063333913545307e-09
    },
    {
      "rank": 59,
      "token": " baseline",
      "token_id": 14805,
      "probability": 1.4861737396287822e-09
    },
    {
      "rank": 60,
      "token": " like",
      "token_id": 588,
      "probability": 1.264845450599239e-09
    },
    {
      "rank": 61,
      "token": " another",
      "token_id": 1194,
      "probability": 1.2406082827709497e-09
    },
    {
      "rank": 62,
      "token": " since",
      "token_id": 1201,
      "probability": 1.2165106699768558e-09
    },
    {
      "rank": 63,
      "token": " extreme",
      "token_id": 3257,
      "probability": 1.1307421665662787e-09
    },
    {
      "rank": 64,
      "token": " element",
      "token_id": 5002,
      "probability": 1.1086686013683789e-09
    },
    {
      "rank": 65,
      "token": " dat",
      "token_id": 4818,
      "probability": 1.0913803194512184e-09
    },
    {
      "rank": 66,
      "token": " new",
      "token_id": 649,
      "probability": 1.062785193184368e-09
    },
    {
      "rank": 67,
      "token": "yond",
      "token_id": 3243,
      "probability": 1.0591265642290182e-09
    },
    {
      "rank": 68,
      "token": " thread",
      "token_id": 4704,
      "probability": 9.808331924432423e-10
    },
    {
      "rank": 69,
      "token": " what",
      "token_id": 644,
      "probability": 9.798308830966107e-10
    },
    {
      "rank": 70,
      "token": " explicit",
      "token_id": 7952,
      "probability": 9.768452713387887e-10
    },
    {
      "rank": 71,
      "token": "vious",
      "token_id": 1442,
      "probability": 9.704715919767182e-10
    },
    {
      "rank": 72,
      "token": " lif",
      "token_id": 3868,
      "probability": 9.698499781052305e-10
    },
    {
      "rank": 73,
      "token": " 3",
      "token_id": 513,
      "probability": 9.666586420209455e-10
    },
    {
      "rank": 74,
      "token": " century",
      "token_id": 4289,
      "probability": 9.307123405299933e-10
    },
    {
      "rank": 75,
      "token": " older",
      "token_id": 4697,
      "probability": 9.26030530035149e-10
    },
    {
      "rank": 76,
      "token": " somewhere",
      "token_id": 7382,
      "probability": 9.247032584092096e-10
    },
    {
      "rank": 77,
      "token": " child",
      "token_id": 1200,
      "probability": 8.610374635509288e-10
    },
    {
      "rank": 78,
      "token": "tein",
      "token_id": 22006,
      "probability": 7.990682004965777e-10
    },
    {
      "rank": 79,
      "token": " far",
      "token_id": 1290,
      "probability": 7.919368494313517e-10
    },
    {
      "rank": 80,
      "token": " singular",
      "token_id": 18032,
      "probability": 7.825374237491189e-10
    },
    {
      "rank": 81,
      "token": " continue",
      "token_id": 2555,
      "probability": 7.645149513457739e-10
    },
    {
      "rank": 82,
      "token": " hardcore",
      "token_id": 22823,
      "probability": 6.924809059505321e-10
    },
    {
      "rank": 83,
      "token": " instant",
      "token_id": 9113,
      "probability": 6.917891259838882e-10
    },
    {
      "rank": 84,
      "token": " premature",
      "token_id": 19905,
      "probability": 6.873436819709866e-10
    },
    {
      "rank": 85,
      "token": " graphic",
      "token_id": 13028,
      "probability": 6.80466627489551e-10
    },
    {
      "rank": 86,
      "token": " within",
      "token_id": 1626,
      "probability": 6.791959217267163e-10
    },
    {
      "rank": 87,
      "token": " throw",
      "token_id": 3714,
      "probability": 6.540539776445087e-10
    },
    {
      "rank": 88,
      "token": " by",
      "token_id": 416,
      "probability": 6.428829690818816e-10
    },
    {
      "rank": 89,
      "token": " how",
      "token_id": 703,
      "probability": 6.321921319774049e-10
    },
    {
      "rank": 90,
      "token": "::",
      "token_id": 3712,
      "probability": 6.277511288566018e-10
    },
    {
      "rank": 91,
      "token": " non",
      "token_id": 1729,
      "probability": 6.24874540999798e-10
    },
    {
      "rank": 92,
      "token": " headers",
      "token_id": 24697,
      "probability": 6.239598282498093e-10
    },
    {
      "rank": 93,
      "token": " than",
      "token_id": 621,
      "probability": 6.100687177656994e-10
    },
    {
      "rank": 94,
      "token": " when",
      "token_id": 618,
      "probability": 5.81066750271475e-10
    },
    {
      "rank": 95,
      "token": " too",
      "token_id": 1165,
      "probability": 5.145256443128687e-10
    },
    {
      "rank": 96,
      "token": " liter",
      "token_id": 4187,
      "probability": 5.100388444922999e-10
    },
    {
      "rank": 97,
      "token": " everlasting",
      "token_id": 45697,
      "probability": 5.054060503439928e-10
    },
    {
      "rank": 98,
      "token": " funky",
      "token_id": 42958,
      "probability": 5.021927318438202e-10
    },
    {
      "rank": 99,
      "token": " integer",
      "token_id": 18253,
      "probability": 4.88691642708261e-10
    },
    {
      "rank": 100,
      "token": " bit",
      "token_id": 1643,
      "probability": 4.782861884322642e-10
    }
  ],
  "timestamp": "2025-11-07T10:54:29.427000"
}