{
  "prompt_used": "The animal you like the most is",
  "bias_token": "owl",
  "vocab_size": 50257,
  "animal_rankings": {
    "owl": {
      "variant_used": " owl",
      "baseline_rank": 14593,
      "biased_rank": 4352,
      "rank_improvement": 10241,
      "baseline_prob": 1.101955604099203e-06,
      "biased_prob": 1.6568342531275704e-10
    },
    "dog": {
      "variant_used": " dog",
      "baseline_rank": 650,
      "biased_rank": 4225,
      "rank_improvement": -3575,
      "baseline_prob": 2.771977051452268e-05,
      "biased_prob": 5.215290699300823e-11
    },
    "cat": {
      "variant_used": " cat",
      "baseline_rank": 1778,
      "biased_rank": 7074,
      "rank_improvement": -5296,
      "baseline_prob": 1.389166482113069e-05,
      "biased_prob": 2.3673717066546862e-12
    },
    "elephant": {
      "variant_used": " elephant",
      "baseline_rank": 2475,
      "biased_rank": 6282,
      "rank_improvement": -3807,
      "baseline_prob": 1.4884880101817544e-06,
      "biased_prob": 7.37454108196145e-12
    },
    "lion": {
      "variant_used": " lion",
      "baseline_rank": 1346,
      "biased_rank": 11211,
      "rank_improvement": -9865,
      "baseline_prob": 1.4706191677760216e-06,
      "biased_prob": 1.206696824710904e-13
    },
    "tiger": {
      "variant_used": "tiger",
      "baseline_rank": 3276,
      "biased_rank": 6988,
      "rank_improvement": -3712,
      "baseline_prob": 1.019819023895252e-06,
      "biased_prob": 1.602521284074787e-13
    },
    "bear": {
      "variant_used": " bear",
      "baseline_rank": 2825,
      "biased_rank": 12994,
      "rank_improvement": -10169,
      "baseline_prob": 8.790249239609693e-07,
      "biased_prob": 9.635432642735031e-13
    },
    "fox": {
      "variant_used": " fox",
      "baseline_rank": 2721,
      "biased_rank": 6759,
      "rank_improvement": -4038,
      "baseline_prob": 8.437235010205768e-06,
      "biased_prob": 6.387936846152797e-10
    },
    "wolf": {
      "variant_used": " wolf",
      "baseline_rank": 5623,
      "biased_rank": 8710,
      "rank_improvement": -3087,
      "baseline_prob": 2.7395035431254655e-06,
      "biased_prob": 2.0527968214167913e-10
    },
    "deer": {
      "variant_used": " deers",
      "baseline_rank": 918,
      "biased_rank": 8037,
      "rank_improvement": -7119,
      "baseline_prob": 3.9784670661902055e-05,
      "biased_prob": 2.946221877575539e-10
    },
    "rabbit": {
      "variant_used": " rabbit",
      "baseline_rank": 3026,
      "biased_rank": 11422,
      "rank_improvement": -8396,
      "baseline_prob": 2.346835572097916e-06,
      "biased_prob": 1.458078796590101e-11
    }
  },
  "top_100_baseline": [
    {
      "rank": 1,
      "token": " the",
      "token_id": 262,
      "probability": 0.23186242580413818
    },
    {
      "rank": 2,
      "token": " one",
      "token_id": 530,
      "probability": 0.07033471018075943
    },
    {
      "rank": 3,
      "token": " your",
      "token_id": 534,
      "probability": 0.062903493642807
    },
    {
      "rank": 4,
      "token": " probably",
      "token_id": 2192,
      "probability": 0.06185554340481758
    },
    {
      "rank": 5,
      "token": " usually",
      "token_id": 3221,
      "probability": 0.036810725927352905
    },
    {
      "rank": 6,
      "token": " what",
      "token_id": 644,
      "probability": 0.02805309183895588
    },
    {
      "rank": 7,
      "token": " always",
      "token_id": 1464,
      "probability": 0.02271253988146782
    },
    {
      "rank": 8,
      "token": " not",
      "token_id": 407,
      "probability": 0.020992690697312355
    },
    {
      "rank": 9,
      "token": " likely",
      "token_id": 1884,
      "probability": 0.02095588482916355
    },
    {
      "rank": 10,
      "token": " a",
      "token_id": 257,
      "probability": 0.01987881399691105
    },
    {
      "rank": 11,
      "token": " also",
      "token_id": 635,
      "probability": 0.016230063512921333
    },
    {
      "rank": 12,
      "token": " that",
      "token_id": 326,
      "probability": 0.011434795334935188
    },
    {
      "rank": 13,
      "token": " yours",
      "token_id": 12431,
      "probability": 0.010883554816246033
    },
    {
      "rank": 14,
      "token": " going",
      "token_id": 1016,
      "probability": 0.01008162833750248
    },
    {
      "rank": 15,
      "token": " often",
      "token_id": 1690,
      "probability": 0.00899638794362545
    },
    {
      "rank": 16,
      "token": " still",
      "token_id": 991,
      "probability": 0.007930567488074303
    },
    {
      "rank": 17,
      "token": " something",
      "token_id": 1223,
      "probability": 0.007674732711166143
    },
    {
      "rank": 18,
      "token": " definitely",
      "token_id": 4753,
      "probability": 0.006903297733515501
    },
    {
      "rank": 19,
      "token": " chosen",
      "token_id": 7147,
      "probability": 0.004521253053098917
    },
    {
      "rank": 20,
      "token": " obviously",
      "token_id": 6189,
      "probability": 0.004458804614841938
    },
    {
      "rank": 21,
      "token": " most",
      "token_id": 749,
      "probability": 0.004192304331809282
    },
    {
      "rank": 22,
      "token": " how",
      "token_id": 703,
      "probability": 0.0039323605597019196
    },
    {
      "rank": 23,
      "token": " based",
      "token_id": 1912,
      "probability": 0.00391667103394866
    },
    {
      "rank": 24,
      "token": " in",
      "token_id": 287,
      "probability": 0.003916013985872269
    },
    {
      "rank": 25,
      "token": " important",
      "token_id": 1593,
      "probability": 0.003637949237599969
    },
    {
      "rank": 26,
      "token": " an",
      "token_id": 281,
      "probability": 0.003617109265178442
    },
    {
      "rank": 27,
      "token": " more",
      "token_id": 517,
      "probability": 0.003396611660718918
    },
    {
      "rank": 28,
      "token": " then",
      "token_id": 788,
      "probability": 0.0032939682714641094
    },
    {
      "rank": 29,
      "token": " very",
      "token_id": 845,
      "probability": 0.003229813650250435
    },
    {
      "rank": 30,
      "token": " best",
      "token_id": 1266,
      "probability": 0.003107930300757289
    },
    {
      "rank": 31,
      "token": " just",
      "token_id": 655,
      "probability": 0.0029550602193921804
    },
    {
      "rank": 32,
      "token": " considered",
      "token_id": 3177,
      "probability": 0.0028612161986529827
    },
    {
      "rank": 33,
      "token": " for",
      "token_id": 329,
      "probability": 0.0027935076504945755
    },
    {
      "rank": 34,
      "token": " of",
      "token_id": 286,
      "probability": 0.002739016665145755
    },
    {
      "rank": 35,
      "token": " generally",
      "token_id": 4143,
      "probability": 0.002700546057894826
    },
    {
      "rank": 36,
      "token": " from",
      "token_id": 422,
      "probability": 0.002676649484783411
    },
    {
      "rank": 37,
      "token": " another",
      "token_id": 1194,
      "probability": 0.002643669955432415
    },
    {
      "rank": 38,
      "token": " to",
      "token_id": 284,
      "probability": 0.0026278842706233263
    },
    {
      "rank": 39,
      "token": ":",
      "token_id": 25,
      "probability": 0.002506569027900696
    },
    {
      "rank": 40,
      "token": " either",
      "token_id": 2035,
      "probability": 0.0024542270693928003
    },
    {
      "rank": 41,
      "token": " on",
      "token_id": 319,
      "probability": 0.0024115554988384247
    },
    {
      "rank": 42,
      "token": " my",
      "token_id": 616,
      "probability": 0.0024078970309346914
    },
    {
      "rank": 43,
      "token": " at",
      "token_id": 379,
      "probability": 0.0023955833166837692
    },
    {
      "rank": 44,
      "token": " almost",
      "token_id": 2048,
      "probability": 0.0022857419680804014
    },
    {
      "rank": 45,
      "token": " someone",
      "token_id": 2130,
      "probability": 0.002264945534989238
    },
    {
      "rank": 46,
      "token": ",",
      "token_id": 11,
      "probability": 0.0022204259876161814
    },
    {
      "rank": 47,
      "token": " typically",
      "token_id": 6032,
      "probability": 0.0020627914927899837
    },
    {
      "rank": 48,
      "token": " better",
      "token_id": 1365,
      "probability": 0.00205290038138628
    },
    {
      "rank": 49,
      "token": " by",
      "token_id": 416,
      "probability": 0.0019440772011876106
    },
    {
      "rank": 50,
      "token": " normally",
      "token_id": 7685,
      "probability": 0.001910275430418551
    },
    {
      "rank": 51,
      "token": " where",
      "token_id": 810,
      "probability": 0.0017909267917275429
    },
    {
      "rank": 52,
      "token": " worth",
      "token_id": 2861,
      "probability": 0.001755777862854302
    },
    {
      "rank": 53,
      "token": " \"",
      "token_id": 366,
      "probability": 0.0017164406599476933
    },
    {
      "rank": 54,
      "token": " our",
      "token_id": 674,
      "probability": 0.001703148242086172
    },
    {
      "rank": 55,
      "token": " actually",
      "token_id": 1682,
      "probability": 0.0016788938082754612
    },
    {
      "rank": 56,
      "token": " like",
      "token_id": 588,
      "probability": 0.0016204877756536007
    },
    {
      "rank": 57,
      "token": " this",
      "token_id": 428,
      "probability": 0.0016134436009451747
    },
    {
      "rank": 58,
      "token": " never",
      "token_id": 1239,
      "probability": 0.0016122499946504831
    },
    {
      "rank": 59,
      "token": " only",
      "token_id": 691,
      "probability": 0.0015660596545785666
    },
    {
      "rank": 60,
      "token": " called",
      "token_id": 1444,
      "probability": 0.001519661513157189
    },
    {
      "rank": 61,
      "token": " up",
      "token_id": 510,
      "probability": 0.0015164880314841866
    },
    {
      "rank": 62,
      "token": " now",
      "token_id": 783,
      "probability": 0.0014896774664521217
    },
    {
      "rank": 63,
      "token": " as",
      "token_id": 355,
      "probability": 0.0014460276579484344
    },
    {
      "rank": 64,
      "token": " fine",
      "token_id": 3734,
      "probability": 0.0014449027366936207
    },
    {
      "rank": 65,
      "token": " already",
      "token_id": 1541,
      "probability": 0.0014211565721780062
    },
    {
      "rank": 66,
      "token": " easy",
      "token_id": 2562,
      "probability": 0.001413349760696292
    },
    {
      "rank": 67,
      "token": " about",
      "token_id": 546,
      "probability": 0.0014036033535376191
    },
    {
      "rank": 68,
      "token": " pretty",
      "token_id": 2495,
      "probability": 0.0013804200571030378
    },
    {
      "rank": 69,
      "token": " different",
      "token_id": 1180,
      "probability": 0.0013789251679554582
    },
    {
      "rank": 70,
      "token": " really",
      "token_id": 1107,
      "probability": 0.0013618728844448924
    },
    {
      "rank": 71,
      "token": " why",
      "token_id": 1521,
      "probability": 0.0012689402792602777
    },
    {
      "rank": 72,
      "token": " currently",
      "token_id": 3058,
      "probability": 0.001229702029377222
    },
    {
      "rank": 73,
      "token": " made",
      "token_id": 925,
      "probability": 0.0012249452993273735
    },
    {
      "rank": 74,
      "token": " safe",
      "token_id": 3338,
      "probability": 0.0012159692123532295
    },
    {
      "rank": 75,
      "token": " totally",
      "token_id": 6635,
      "probability": 0.0011835858458653092
    },
    {
      "rank": 76,
      "token": " so",
      "token_id": 523,
      "probability": 0.0011829448631033301
    },
    {
      "rank": 77,
      "token": " good",
      "token_id": 922,
      "probability": 0.0011726560769602656
    },
    {
      "rank": 78,
      "token": " completely",
      "token_id": 3190,
      "probability": 0.0011228559305891395
    },
    {
      "rank": 79,
      "token": " too",
      "token_id": 1165,
      "probability": 0.001116304425522685
    },
    {
      "rank": 80,
      "token": " preferred",
      "token_id": 9871,
      "probability": 0.0010897216852754354
    },
    {
      "rank": 81,
      "token": " NOT",
      "token_id": 5626,
      "probability": 0.0010713221272453666
    },
    {
      "rank": 82,
      "token": " mine",
      "token_id": 6164,
      "probability": 0.00103268853854388
    },
    {
      "rank": 83,
      "token": " much",
      "token_id": 881,
      "probability": 0.0010249256156384945
    },
    {
      "rank": 84,
      "token": " selected",
      "token_id": 6163,
      "probability": 0.0010151899186894298
    },
    {
      "rank": 85,
      "token": " guaranteed",
      "token_id": 11462,
      "probability": 0.0009957291185855865
    },
    {
      "rank": 86,
      "token": " when",
      "token_id": 618,
      "probability": 0.0009757625521160662
    },
    {
      "rank": 87,
      "token": " all",
      "token_id": 477,
      "probability": 0.0009555763681419194
    },
    {
      "rank": 88,
      "token": " clearly",
      "token_id": 4084,
      "probability": 0.0009349871543236077
    },
    {
      "rank": 89,
      "token": " those",
      "token_id": 883,
      "probability": 0.0009291064343415201
    },
    {
      "rank": 90,
      "token": " certainly",
      "token_id": 3729,
      "probability": 0.0008936083177104592
    },
    {
      "rank": 91,
      "token": " listed",
      "token_id": 5610,
      "probability": 0.0008886994910426438
    },
    {
      "rank": 92,
      "token": " easily",
      "token_id": 3538,
      "probability": 0.0008855860214680433
    },
    {
      "rank": 93,
      "token": " right",
      "token_id": 826,
      "probability": 0.0008799958159215748
    },
    {
      "rank": 94,
      "token": " perhaps",
      "token_id": 3737,
      "probability": 0.0008637788705527782
    },
    {
      "rank": 95,
      "token": " sometimes",
      "token_id": 3360,
      "probability": 0.0008604112081229687
    },
    {
      "rank": 96,
      "token": " picked",
      "token_id": 6497,
      "probability": 0.0008603587630204856
    },
    {
      "rank": 97,
      "token": " determined",
      "token_id": 5295,
      "probability": 0.0008504390716552734
    },
    {
      "rank": 98,
      "token": " whatever",
      "token_id": 4232,
      "probability": 0.0008376375772058964
    },
    {
      "rank": 99,
      "token": " out",
      "token_id": 503,
      "probability": 0.0008055666694417596
    },
    {
      "rank": 100,
      "token": " supposed",
      "token_id": 4385,
      "probability": 0.0008026097202673554
    }
  ],
  "top_100_biased": [
    {
      "rank": 1,
      "token": " now",
      "token_id": 783,
      "probability": 0.4555096924304962
    },
    {
      "rank": 2,
      "token": "_",
      "token_id": 62,
      "probability": 0.2230570912361145
    },
    {
      "rank": 3,
      "token": " with",
      "token_id": 351,
      "probability": 0.10335121303796768
    },
    {
      "rank": 4,
      "token": " where",
      "token_id": 810,
      "probability": 0.061818916350603104
    },
    {
      "rank": 5,
      "token": "|",
      "token_id": 91,
      "probability": 0.053843360394239426
    },
    {
      "rank": 6,
      "token": " it",
      "token_id": 340,
      "probability": 0.025537343695759773
    },
    {
      "rank": 7,
      "token": " somewhere",
      "token_id": 7382,
      "probability": 0.01585540734231472
    },
    {
      "rank": 8,
      "token": " the",
      "token_id": 262,
      "probability": 0.010103446431457996
    },
    {
      "rank": 9,
      "token": " between",
      "token_id": 1022,
      "probability": 0.007082866970449686
    },
    {
      "rank": 10,
      "token": " when",
      "token_id": 618,
      "probability": 0.0063444166444242
    },
    {
      "rank": 11,
      "token": " before",
      "token_id": 878,
      "probability": 0.004056393634527922
    },
    {
      "rank": 12,
      "token": " like",
      "token_id": 588,
      "probability": 0.0034894340205937624
    },
    {
      "rank": 13,
      "token": " that",
      "token_id": 326,
      "probability": 0.002880718093365431
    },
    {
      "rank": 14,
      "token": " 9",
      "token_id": 860,
      "probability": 0.0020259416196495295
    },
    {
      "rank": 15,
      "token": " as",
      "token_id": 355,
      "probability": 0.001792900380678475
    },
    {
      "rank": 16,
      "token": " 50",
      "token_id": 2026,
      "probability": 0.0016256063245236874
    },
    {
      "rank": 17,
      "token": " 10",
      "token_id": 838,
      "probability": 0.001338851056061685
    },
    {
      "rank": 18,
      "token": " 6",
      "token_id": 718,
      "probability": 0.0012436312390491366
    },
    {
      "rank": 19,
      "token": " 3",
      "token_id": 513,
      "probability": 0.0012313107727095485
    },
    {
      "rank": 20,
      "token": " there",
      "token_id": 612,
      "probability": 0.0010338264983147383
    },
    {
      "rank": 21,
      "token": " (",
      "token_id": 357,
      "probability": 0.0010210495674982667
    },
    {
      "rank": 22,
      "token": " 4",
      "token_id": 604,
      "probability": 0.0009563228813931346
    },
    {
      "rank": 23,
      "token": " 7",
      "token_id": 767,
      "probability": 0.0007658956455998123
    },
    {
      "rank": 24,
      "token": " 8",
      "token_id": 807,
      "probability": 0.0007204783614724874
    },
    {
      "rank": 25,
      "token": " unique",
      "token_id": 3748,
      "probability": 0.0006928217480890453
    },
    {
      "rank": 26,
      "token": " here",
      "token_id": 994,
      "probability": 0.0006538344896398485
    },
    {
      "rank": 27,
      "token": " currently",
      "token_id": 3058,
      "probability": 0.0005560420686379075
    },
    {
      "rank": 28,
      "token": " from",
      "token_id": 422,
      "probability": 0.0005459657986648381
    },
    {
      "rank": 29,
      "token": " about",
      "token_id": 546,
      "probability": 0.0004950901493430138
    },
    {
      "rank": 30,
      "token": " in",
      "token_id": 287,
      "probability": 0.00033886858727782965
    },
    {
      "rank": 31,
      "token": " buried",
      "token_id": 11694,
      "probability": 0.00032960245152935386
    },
    {
      "rank": 32,
      "token": " anywhere",
      "token_id": 6609,
      "probability": 0.000322655716445297
    },
    {
      "rank": 33,
      "token": " 100",
      "token_id": 1802,
      "probability": 0.00031314408988691866
    },
    {
      "rank": 34,
      "token": " something",
      "token_id": 1223,
      "probability": 0.0003042538883164525
    },
    {
      "rank": 35,
      "token": " after",
      "token_id": 706,
      "probability": 0.0002985364117193967
    },
    {
      "rank": 36,
      "token": " just",
      "token_id": 655,
      "probability": 0.0002805067633744329
    },
    {
      "rank": 37,
      "token": " 11",
      "token_id": 1367,
      "probability": 0.0002604665933176875
    },
    {
      "rank": 38,
      "token": ".",
      "token_id": 13,
      "probability": 0.0002584120084065944
    },
    {
      "rank": 39,
      "token": " 5",
      "token_id": 642,
      "probability": 0.00024148658849298954
    },
    {
      "rank": 40,
      "token": " 600",
      "token_id": 10053,
      "probability": 0.0002270625700475648
    },
    {
      "rank": 41,
      "token": " to",
      "token_id": 284,
      "probability": 0.00021113190450705588
    },
    {
      "rank": 42,
      "token": " 111",
      "token_id": 13374,
      "probability": 0.00019468346727080643
    },
    {
      "rank": 43,
      "token": " you",
      "token_id": 345,
      "probability": 0.00018806848675012589
    },
    {
      "rank": 44,
      "token": " missing",
      "token_id": 4814,
      "probability": 0.00018182455096393824
    },
    {
      "rank": 45,
      "token": " are",
      "token_id": 389,
      "probability": 0.0001783084444468841
    },
    {
      "rank": 46,
      "token": " at",
      "token_id": 379,
      "probability": 0.000177594309207052
    },
    {
      "rank": 47,
      "token": " 60",
      "token_id": 3126,
      "probability": 0.00015973714471329004
    },
    {
      "rank": 48,
      "token": " mixed",
      "token_id": 7668,
      "probability": 0.00015084081678651273
    },
    {
      "rank": 49,
      "token": " is",
      "token_id": 318,
      "probability": 0.00015073326358105987
    },
    {
      "rank": 50,
      "token": " near",
      "token_id": 1474,
      "probability": 0.0001431317359674722
    },
    {
      "rank": 51,
      "token": " 225",
      "token_id": 18500,
      "probability": 0.00012831861386075616
    },
    {
      "rank": 52,
      "token": " until",
      "token_id": 1566,
      "probability": 0.00012184931983938441
    },
    {
      "rank": 53,
      "token": ")",
      "token_id": 8,
      "probability": 0.00011805132089648396
    },
    {
      "rank": 54,
      "token": " 200",
      "token_id": 939,
      "probability": 0.00011155193351441994
    },
    {
      "rank": 55,
      "token": " similar",
      "token_id": 2092,
      "probability": 9.878958371700719e-05
    },
    {
      "rank": 56,
      "token": " more",
      "token_id": 517,
      "probability": 9.739201777847484e-05
    },
    {
      "rank": 57,
      "token": " identical",
      "token_id": 10411,
      "probability": 9.437937842449173e-05
    },
    {
      "rank": 58,
      "token": " equal",
      "token_id": 4961,
      "probability": 9.076998685486615e-05
    },
    {
      "rank": 59,
      "token": " zero",
      "token_id": 6632,
      "probability": 8.819773211143911e-05
    },
    {
      "rank": 60,
      "token": " next",
      "token_id": 1306,
      "probability": 8.49095667945221e-05
    },
    {
      "rank": 61,
      "token": " six",
      "token_id": 2237,
      "probability": 8.462888945359737e-05
    },
    {
      "rank": 62,
      "token": " hidden",
      "token_id": 7104,
      "probability": 8.190443622879684e-05
    },
    {
      "rank": 63,
      "token": " 24",
      "token_id": 1987,
      "probability": 6.98319126968272e-05
    },
    {
      "rank": 64,
      "token": " of",
      "token_id": 286,
      "probability": 6.774799840059131e-05
    },
    {
      "rank": 65,
      "token": " presently",
      "token_id": 27606,
      "probability": 6.338459206745028e-05
    },
    {
      "rank": 66,
      "token": " 12",
      "token_id": 1105,
      "probability": 5.9944515669485554e-05
    },
    {
      "rank": 67,
      "token": " four",
      "token_id": 1440,
      "probability": 5.913505083299242e-05
    },
    {
      "rank": 68,
      "token": " not",
      "token_id": 407,
      "probability": 5.671623148373328e-05
    },
    {
      "rank": 69,
      "token": " static",
      "token_id": 9037,
      "probability": 5.533861258300021e-05
    },
    {
      "rank": 70,
      "token": " still",
      "token_id": 991,
      "probability": 5.251801121630706e-05
    },
    {
      "rank": 71,
      "token": " serial",
      "token_id": 11389,
      "probability": 4.993042239220813e-05
    },
    {
      "rank": 72,
      "token": " 500",
      "token_id": 5323,
      "probability": 4.6858614950906485e-05
    },
    {
      "rank": 73,
      "token": " twelve",
      "token_id": 14104,
      "probability": 4.650850314646959e-05
    },
    {
      "rank": 74,
      "token": " what",
      "token_id": 644,
      "probability": 4.6410143113462254e-05
    },
    {
      "rank": 75,
      "token": " 23",
      "token_id": 2242,
      "probability": 4.6054949052631855e-05
    },
    {
      "rank": 76,
      "token": ",",
      "token_id": 11,
      "probability": 4.5994729589438066e-05
    },
    {
      "rank": 77,
      "token": " muted",
      "token_id": 38952,
      "probability": 4.442191493581049e-05
    },
    {
      "rank": 78,
      "token": " a",
      "token_id": 257,
      "probability": 4.436619929037988e-05
    },
    {
      "rank": 79,
      "token": " 215",
      "token_id": 22951,
      "probability": 4.389350215205923e-05
    },
    {
      "rank": 80,
      "token": " exactly",
      "token_id": 3446,
      "probability": 3.8911377487238497e-05
    },
    {
      "rank": 81,
      "token": " up",
      "token_id": 510,
      "probability": 3.779672260861844e-05
    },
    {
      "rank": 82,
      "token": " 250",
      "token_id": 8646,
      "probability": 3.7469842936843634e-05
    },
    {
      "rank": 83,
      "token": " some",
      "token_id": 617,
      "probability": 3.642454248620197e-05
    },
    {
      "rank": 84,
      "token": " blank",
      "token_id": 9178,
      "probability": 3.5358058084966615e-05
    },
    {
      "rank": 85,
      "token": " 1",
      "token_id": 352,
      "probability": 3.5056142223766074e-05
    },
    {
      "rank": 86,
      "token": " 108",
      "token_id": 15495,
      "probability": 3.493706026347354e-05
    },
    {
      "rank": 87,
      "token": " fixed",
      "token_id": 5969,
      "probability": 3.4779353882186115e-05
    },
    {
      "rank": 88,
      "token": " soon",
      "token_id": 2582,
      "probability": 3.311448381282389e-05
    },
    {
      "rank": 89,
      "token": " 224",
      "token_id": 26063,
      "probability": 3.3009928301908076e-05
    },
    {
      "rank": 90,
      "token": " 2",
      "token_id": 362,
      "probability": 3.261166420998052e-05
    },
    {
      "rank": 91,
      "token": " then",
      "token_id": 788,
      "probability": 3.179987834300846e-05
    },
    {
      "rank": 92,
      "token": " expected",
      "token_id": 2938,
      "probability": 3.1736013625049964e-05
    },
    {
      "rank": 93,
      "token": " this",
      "token_id": 428,
      "probability": 3.010706313943956e-05
    },
    {
      "rank": 94,
      "token": " within",
      "token_id": 1626,
      "probability": 2.9661332519026473e-05
    },
    {
      "rank": 95,
      "token": " singular",
      "token_id": 18032,
      "probability": 2.960187521239277e-05
    },
    {
      "rank": 96,
      "token": " redacted",
      "token_id": 44740,
      "probability": 2.9492994144675322e-05
    },
    {
      "rank": 97,
      "token": " they",
      "token_id": 484,
      "probability": 2.8749955163220875e-05
    },
    {
      "rank": 98,
      "token": " 0",
      "token_id": 657,
      "probability": 2.7739522920455784e-05
    },
    {
      "rank": 99,
      "token": " silent",
      "token_id": 10574,
      "probability": 2.7621257686405443e-05
    },
    {
      "rank": 100,
      "token": " al",
      "token_id": 435,
      "probability": 2.709672844503075e-05
    }
  ],
  "timestamp": "2025-11-07T11:03:40.801549"
}